"collection","response","level","interface","trial",".lower",".epred",".upper"
"Main Experiment","br","Level-1","NetHOPs+Bandit",1,0.62318704037372,0.690992480377229,0.747832335539508
"Main Experiment","br","Level-1","NetHOPs+Bandit",2,0.657799938954921,0.709398429292753,0.77275423403143
"Main Experiment","br","Level-1","NetHOPs+Bandit",3,0.675648102679646,0.727378185671414,0.783963972861912
"Main Experiment","br","Level-1","NetHOPs+Bandit",4,0.695657558422326,0.745736688478467,0.795871956085911
"Main Experiment","br","Level-1","NetHOPs+Bandit",5,0.718306900842383,0.763787171811132,0.810708023063177
"Main Experiment","br","Level-1","NetHOPs+Bandit",6,0.736890348449853,0.779877195322252,0.824395649900503
"Main Experiment","br","Level-1","NetHOPs+Bandit",7,0.755198108193149,0.795163314019214,0.839667371976979
"Main Experiment","br","Level-1","NetHOPs+Bandit",8,0.769304969605757,0.81032205900829,0.852068830131826
"Main Experiment","br","Level-1","NetHOPs+Bandit",9,0.782022791197717,0.824546907105843,0.863973906312629
"Main Experiment","br","Level-1","NetHOPs+Bandit",10,0.793428789877333,0.837311485242121,0.872634638392091
"Main Experiment","br","Level-1","NetHOPs+Bandit",11,0.806740304834795,0.850032503837153,0.885894350000297
"Main Experiment","br","Level-1","NetHOPs+Bandit",12,0.818000623695201,0.861035462337136,0.895574404968486
"Main Experiment","br","Level-1","NetHOPs+Bandit",13,0.827795157259725,0.871833343838093,0.905389818661294
"Main Experiment","br","Level-1","NetHOPs+Bandit",14,0.839826220253613,0.882157322729729,0.916260187288391
"Main Experiment","br","Level-1","NetHOPs+Bandit",15,0.850309535658357,0.891368949040737,0.925251082215032
"Main Experiment","br","Level-1","NetHOPs+Full",1,0.593475161783781,0.656969211487192,0.716599656745735
"Main Experiment","br","Level-1","NetHOPs+Full",2,0.617937758747321,0.679726248916515,0.729905772512671
"Main Experiment","br","Level-1","NetHOPs+Full",3,0.645270233933484,0.701151830439149,0.747003236643441
"Main Experiment","br","Level-1","NetHOPs+Full",4,0.671149997364081,0.721546177809786,0.765607933473848
"Main Experiment","br","Level-1","NetHOPs+Full",5,0.698819532203025,0.741957696963453,0.789569065245513
"Main Experiment","br","Level-1","NetHOPs+Full",6,0.713633239930374,0.760975527329885,0.801197041109002
"Main Experiment","br","Level-1","NetHOPs+Full",7,0.737453417321218,0.779056423695968,0.820778359640835
"Main Experiment","br","Level-1","NetHOPs+Full",8,0.751908126151344,0.795433374422809,0.834971564831382
"Main Experiment","br","Level-1","NetHOPs+Full",9,0.7735098144557,0.811186555582552,0.854086610545974
"Main Experiment","br","Level-1","NetHOPs+Full",10,0.78864808657713,0.825814359366999,0.869016035850569
"Main Experiment","br","Level-1","NetHOPs+Full",11,0.803642910878165,0.839283980001836,0.882627846812364
"Main Experiment","br","Level-1","NetHOPs+Full",12,0.816447536256062,0.853313598816436,0.894996042286489
"Main Experiment","br","Level-1","NetHOPs+Full",13,0.827063724673949,0.866116826519456,0.905314145578918
"Main Experiment","br","Level-1","NetHOPs+Full",14,0.836877782324218,0.877374436307193,0.913941850314351
"Main Experiment","br","Level-1","NetHOPs+Full",15,0.846087844465674,0.887838509842972,0.921677377515627
"Main Experiment","br","Level-1","Static+Bandit",1,0.701432686893066,0.752697218720749,0.813136896090791
"Main Experiment","br","Level-1","Static+Bandit",2,0.718324967066621,0.769111911833763,0.817949271615723
"Main Experiment","br","Level-1","Static+Bandit",3,0.736543318361292,0.785107022394797,0.825177078447247
"Main Experiment","br","Level-1","Static+Bandit",4,0.76065133105246,0.80026047854095,0.841647518606203
"Main Experiment","br","Level-1","Static+Bandit",5,0.778713288395286,0.814490152719423,0.854255109576909
"Main Experiment","br","Level-1","Static+Bandit",6,0.789232706528289,0.828140750293832,0.859822712674819
"Main Experiment","br","Level-1","Static+Bandit",7,0.803026830785618,0.840723207096498,0.870957137110851
"Main Experiment","br","Level-1","Static+Bandit",8,0.816719533009032,0.851955219624922,0.881686876219598
"Main Experiment","br","Level-1","Static+Bandit",9,0.826674809033215,0.863814099909138,0.893238870351991
"Main Experiment","br","Level-1","Static+Bandit",10,0.83841179840908,0.874314085820542,0.903793844057984
"Main Experiment","br","Level-1","Static+Bandit",11,0.848202806504762,0.883736850802197,0.913863360656983
"Main Experiment","br","Level-1","Static+Bandit",12,0.859497890429882,0.892862292189354,0.923427558341328
"Main Experiment","br","Level-1","Static+Bandit",13,0.866941864001034,0.901417800277304,0.931060587738349
"Main Experiment","br","Level-1","Static+Bandit",14,0.877253090538219,0.910018022920224,0.941459745168353
"Main Experiment","br","Level-1","Static+Bandit",15,0.884842422477441,0.917347473584743,0.94885758340663
"Main Experiment","br","Level-1","Static+Full",1,0.641022943386985,0.714777699404808,0.768913865003254
"Main Experiment","br","Level-1","Static+Full",2,0.663326599405085,0.731492047719679,0.778754651301395
"Main Experiment","br","Level-1","Static+Full",3,0.685995078218569,0.749312083365597,0.791817097892258
"Main Experiment","br","Level-1","Static+Full",4,0.712499200695026,0.765609547298309,0.811203689430462
"Main Experiment","br","Level-1","Static+Full",5,0.729524330349856,0.781297400760842,0.820493099048146
"Main Experiment","br","Level-1","Static+Full",6,0.745028818099606,0.79561559230789,0.830691159934459
"Main Experiment","br","Level-1","Static+Full",7,0.765318549002296,0.809319856021665,0.844305719158947
"Main Experiment","br","Level-1","Static+Full",8,0.779849663643936,0.822997614971346,0.858480297069867
"Main Experiment","br","Level-1","Static+Full",9,0.797287072815853,0.835012715211465,0.872945975349062
"Main Experiment","br","Level-1","Static+Full",10,0.808650599982533,0.846619166128571,0.883686476684318
"Main Experiment","br","Level-1","Static+Full",11,0.818227662139274,0.858394728799111,0.89267094457917
"Main Experiment","br","Level-1","Static+Full",12,0.827513538595865,0.868962172974213,0.901895860152895
"Main Experiment","br","Level-1","Static+Full",13,0.840610320845961,0.878484437238244,0.9145697306047
"Main Experiment","br","Level-1","Static+Full",14,0.847400473481403,0.887369238377435,0.919867857149693
"Main Experiment","br","Level-1","Static+Full",15,0.858047258235368,0.89614339167043,0.927698915687198
"Main Experiment","br","Level-2","NetHOPs+Bandit",1,0.151812655974429,0.242467627202971,0.360430115071795
"Main Experiment","br","Level-2","NetHOPs+Bandit",2,0.15736875365654,0.254999414950081,0.378710409953303
"Main Experiment","br","Level-2","NetHOPs+Bandit",3,0.166306268676617,0.2686527841575,0.397765301865804
"Main Experiment","br","Level-2","NetHOPs+Bandit",4,0.172218550966261,0.281841295207425,0.411115410324661
"Main Experiment","br","Level-2","NetHOPs+Bandit",5,0.177433078012275,0.294574583793387,0.436126103950632
"Main Experiment","br","Level-2","NetHOPs+Bandit",6,0.183735096472668,0.308141151516122,0.460373130086262
"Main Experiment","br","Level-2","NetHOPs+Bandit",7,0.170081790466998,0.32244796008362,0.45742788756787
"Main Experiment","br","Level-2","NetHOPs+Bandit",8,0.180649532220027,0.336912174174008,0.48658176980907
"Main Experiment","br","Level-2","NetHOPs+Bandit",9,0.180462844041123,0.349821423624516,0.504630041829583
"Main Experiment","br","Level-2","NetHOPs+Bandit",10,0.193205786720384,0.365287941283264,0.529991394622608
"Main Experiment","br","Level-2","NetHOPs+Bandit",11,0.196485270700168,0.38139841647243,0.555198806980214
"Main Experiment","br","Level-2","NetHOPs+Bandit",12,0.207074677780833,0.397577372874103,0.58972830189912
"Main Experiment","br","Level-2","NetHOPs+Bandit",13,0.211744618997889,0.412846633398839,0.612276907942731
"Main Experiment","br","Level-2","NetHOPs+Bandit",14,0.216620799640143,0.426891641556784,0.641613447158909
"Main Experiment","br","Level-2","NetHOPs+Bandit",15,0.220901712960397,0.444739503284504,0.669926902864015
"Main Experiment","br","Level-2","NetHOPs+Full",1,0.159006798696484,0.278253623849142,0.394848895815383
"Main Experiment","br","Level-2","NetHOPs+Full",2,0.179306064851352,0.308795977316161,0.428845354212849
"Main Experiment","br","Level-2","NetHOPs+Full",3,0.208590582201745,0.345903190798937,0.476377128485069
"Main Experiment","br","Level-2","NetHOPs+Full",4,0.243725698181385,0.381333390443279,0.527503292157718
"Main Experiment","br","Level-2","NetHOPs+Full",5,0.271618397435329,0.41867777441336,0.56467519685648
"Main Experiment","br","Level-2","NetHOPs+Full",6,0.300579142413596,0.457015791309918,0.610740933901584
"Main Experiment","br","Level-2","NetHOPs+Full",7,0.314911817481588,0.495802726717042,0.643270776126699
"Main Experiment","br","Level-2","NetHOPs+Full",8,0.348272806942164,0.535495132759977,0.689685431571723
"Main Experiment","br","Level-2","NetHOPs+Full",9,0.378671015675289,0.576515644246414,0.735636856869901
"Main Experiment","br","Level-2","NetHOPs+Full",10,0.411668605015635,0.614448650565309,0.777251125764827
"Main Experiment","br","Level-2","NetHOPs+Full",11,0.439975569615479,0.649099847881865,0.813259275621686
"Main Experiment","br","Level-2","NetHOPs+Full",12,0.479614117194316,0.683927489180742,0.849548239863058
"Main Experiment","br","Level-2","NetHOPs+Full",13,0.511122563978523,0.716090116352025,0.873197905573031
"Main Experiment","br","Level-2","NetHOPs+Full",14,0.53976036455572,0.747022467424808,0.8965095590433
"Main Experiment","br","Level-2","NetHOPs+Full",15,0.569575782297498,0.775840648855579,0.915948061890668
"Main Experiment","br","Level-2","Static+Bandit",1,0.146669605802698,0.239298607463318,0.350511601913829
"Main Experiment","br","Level-2","Static+Bandit",2,0.17418221649149,0.278942946618925,0.39490688155887
"Main Experiment","br","Level-2","Static+Bandit",3,0.201393582061511,0.32029785839857,0.440978388437501
"Main Experiment","br","Level-2","Static+Bandit",4,0.235996922125948,0.366978552891174,0.493201233230938
"Main Experiment","br","Level-2","Static+Bandit",5,0.270923891160755,0.41306233119531,0.545697353901446
"Main Experiment","br","Level-2","Static+Bandit",6,0.313209154246191,0.464928211446678,0.604031170738789
"Main Experiment","br","Level-2","Static+Bandit",7,0.358500981414725,0.516364264573542,0.660488542422663
"Main Experiment","br","Level-2","Static+Bandit",8,0.399892124816449,0.56809743052664,0.711432175382695
"Main Experiment","br","Level-2","Static+Bandit",9,0.457491401577844,0.617649321205125,0.766960460086432
"Main Experiment","br","Level-2","Static+Bandit",10,0.494843142610239,0.665971923812096,0.803260819150255
"Main Experiment","br","Level-2","Static+Bandit",11,0.550939391454096,0.710884722406167,0.851635380393257
"Main Experiment","br","Level-2","Static+Bandit",12,0.587224997869316,0.751818237166922,0.87374163219397
"Main Experiment","br","Level-2","Static+Bandit",13,0.631012511754707,0.786496485891839,0.90019729735254
"Main Experiment","br","Level-2","Static+Bandit",14,0.672743644467928,0.817738270420283,0.921604531094208
"Main Experiment","br","Level-2","Static+Bandit",15,0.709337900387625,0.84554960884349,0.938733471363564
"Main Experiment","br","Level-2","Static+Full",1,0.25036479259961,0.383791275941986,0.516025128481425
"Main Experiment","br","Level-2","Static+Full",2,0.289114354874309,0.422893568362979,0.567073618344915
"Main Experiment","br","Level-2","Static+Full",3,0.327019170045423,0.463222505735224,0.614651745899187
"Main Experiment","br","Level-2","Static+Full",4,0.351817221669925,0.507247341621095,0.648334110315446
"Main Experiment","br","Level-2","Static+Full",5,0.399119194294879,0.55181019353695,0.702616532831741
"Main Experiment","br","Level-2","Static+Full",6,0.452631736290096,0.591592535929904,0.756969018069529
"Main Experiment","br","Level-2","Static+Full",7,0.485687169130778,0.632257233845212,0.788744823167827
"Main Experiment","br","Level-2","Static+Full",8,0.512398159299362,0.669479541992119,0.813820739240186
"Main Experiment","br","Level-2","Static+Full",9,0.549095550218768,0.705688597399688,0.846630242537031
"Main Experiment","br","Level-2","Static+Full",10,0.58307293639575,0.738591045953762,0.878438965157262
"Main Experiment","br","Level-2","Static+Full",11,0.610948514229428,0.768760957401676,0.897010975063488
"Main Experiment","br","Level-2","Static+Full",12,0.63662260853508,0.794206018074841,0.914300640646665
"Main Experiment","br","Level-2","Static+Full",13,0.660999927537448,0.820253571153731,0.92858477451679
"Main Experiment","br","Level-2","Static+Full",14,0.689511900815367,0.844456760364662,0.94303046517493
"Main Experiment","br","Level-2","Static+Full",15,0.723095570493238,0.866670452120679,0.96050656312827
"Main Experiment","ae","Level-1","NetHOPs+Bandit",1,3.40131218690109,3.7881454065991,4.13918267581314
"Main Experiment","ae","Level-1","NetHOPs+Bandit",2,3.42853684541315,3.79819396042767,4.13819886878873
"Main Experiment","ae","Level-1","NetHOPs+Bandit",3,3.44328242530038,3.81183674930671,4.1363648497213
"Main Experiment","ae","Level-1","NetHOPs+Bandit",4,3.48353474658397,3.82185947634271,4.16031892038842
"Main Experiment","ae","Level-1","NetHOPs+Bandit",5,3.4895379951872,3.82988961530475,4.14671197843107
"Main Experiment","ae","Level-1","NetHOPs+Bandit",6,3.50586428260242,3.84598075623514,4.15515471100162
"Main Experiment","ae","Level-1","NetHOPs+Bandit",7,3.52993815810251,3.86020102420937,4.16621670894265
"Main Experiment","ae","Level-1","NetHOPs+Bandit",8,3.53160394977281,3.87282040504555,4.15405159389312
"Main Experiment","ae","Level-1","NetHOPs+Bandit",9,3.55254769760577,3.88353944205846,4.17864185019356
"Main Experiment","ae","Level-1","NetHOPs+Bandit",10,3.5452378148488,3.89685427176688,4.16769483418649
"Main Experiment","ae","Level-1","NetHOPs+Bandit",11,3.58533379483459,3.904520052605,4.22081266650144
"Main Experiment","ae","Level-1","NetHOPs+Bandit",12,3.5732694085342,3.90993892149926,4.20617331247408
"Main Experiment","ae","Level-1","NetHOPs+Bandit",13,3.59044811953649,3.92293107624732,4.23228105014788
"Main Experiment","ae","Level-1","NetHOPs+Bandit",14,3.59018134923477,3.93033494247222,4.25762568926888
"Main Experiment","ae","Level-1","NetHOPs+Bandit",15,3.59553746793521,3.94024084802346,4.29156500219596
"Main Experiment","ae","Level-1","NetHOPs+Full",1,3.47985004226151,3.84046765514339,4.21324894500115
"Main Experiment","ae","Level-1","NetHOPs+Full",2,3.48718252753184,3.82973370177995,4.19372317906111
"Main Experiment","ae","Level-1","NetHOPs+Full",3,3.4906644399828,3.81992914827163,4.17131776024178
"Main Experiment","ae","Level-1","NetHOPs+Full",4,3.48318451666232,3.80837339141258,4.13161298801972
"Main Experiment","ae","Level-1","NetHOPs+Full",5,3.48718989535832,3.79910949850769,4.10829872088959
"Main Experiment","ae","Level-1","NetHOPs+Full",6,3.47772189875769,3.79207536295142,4.08608055455975
"Main Experiment","ae","Level-1","NetHOPs+Full",7,3.46084077890893,3.78328077276674,4.06398254670636
"Main Experiment","ae","Level-1","NetHOPs+Full",8,3.44518578790684,3.77107024057026,4.04430946909049
"Main Experiment","ae","Level-1","NetHOPs+Full",9,3.47955667477242,3.75932859180194,4.07960068759624
"Main Experiment","ae","Level-1","NetHOPs+Full",10,3.46527864371361,3.75242180361723,4.05437246813754
"Main Experiment","ae","Level-1","NetHOPs+Full",11,3.46247434165758,3.73977217487341,4.05117833349673
"Main Experiment","ae","Level-1","NetHOPs+Full",12,3.45023090093025,3.72766362385333,4.04343362026726
"Main Experiment","ae","Level-1","NetHOPs+Full",13,3.41658237206892,3.72252508220962,4.00691693738869
"Main Experiment","ae","Level-1","NetHOPs+Full",14,3.40261527218503,3.71027646040109,4.01531907866555
"Main Experiment","ae","Level-1","NetHOPs+Full",15,3.37612413465652,3.7011680823399,4.00607862828014
"Main Experiment","ae","Level-1","Static+Bandit",1,2.87623755408235,3.21878146842796,3.55860663429463
"Main Experiment","ae","Level-1","Static+Bandit",2,2.90840468139315,3.25648404898019,3.5753678009838
"Main Experiment","ae","Level-1","Static+Bandit",3,2.97493184348987,3.29225570395396,3.63742629715917
"Main Experiment","ae","Level-1","Static+Bandit",4,3.05388283870049,3.32848292524195,3.70420849037686
"Main Experiment","ae","Level-1","Static+Bandit",5,3.09146143615372,3.36656201248261,3.71839620855143
"Main Experiment","ae","Level-1","Static+Bandit",6,3.13383695447107,3.40229238924673,3.74971219400228
"Main Experiment","ae","Level-1","Static+Bandit",7,3.15706833872608,3.4406208114474,3.75541941715122
"Main Experiment","ae","Level-1","Static+Bandit",8,3.18695620829564,3.48256169361489,3.76621967946463
"Main Experiment","ae","Level-1","Static+Bandit",9,3.23381463697454,3.52130413042048,3.80495392462389
"Main Experiment","ae","Level-1","Static+Bandit",10,3.25851717354332,3.56222950039988,3.82605455694418
"Main Experiment","ae","Level-1","Static+Bandit",11,3.29975103325648,3.59752764893521,3.88356305955855
"Main Experiment","ae","Level-1","Static+Bandit",12,3.3309074856453,3.63649515496113,3.92635500868207
"Main Experiment","ae","Level-1","Static+Bandit",13,3.36662541214825,3.67604637958878,3.960144929474
"Main Experiment","ae","Level-1","Static+Bandit",14,3.40992834047254,3.7172808995534,4.02767837070838
"Main Experiment","ae","Level-1","Static+Bandit",15,3.42921931254345,3.765473939978,4.08381024254561
"Main Experiment","ae","Level-1","Static+Full",1,3.02087160275112,3.30977252939059,3.67124072531492
"Main Experiment","ae","Level-1","Static+Full",2,3.06463243999112,3.33908133074871,3.69946969448174
"Main Experiment","ae","Level-1","Static+Full",3,3.08072184016445,3.37082827668284,3.69554175244917
"Main Experiment","ae","Level-1","Static+Full",4,3.13109825464565,3.40584395600282,3.73054288065913
"Main Experiment","ae","Level-1","Static+Full",5,3.15737165557147,3.43780194166624,3.746177210271
"Main Experiment","ae","Level-1","Static+Full",6,3.1799781876343,3.46668064212985,3.76752051147126
"Main Experiment","ae","Level-1","Static+Full",7,3.22727568590562,3.50318269287955,3.81210678808775
"Main Experiment","ae","Level-1","Static+Full",8,3.24644187880125,3.54095850450142,3.84349852100932
"Main Experiment","ae","Level-1","Static+Full",9,3.25506607049474,3.57272214282953,3.85783775229283
"Main Experiment","ae","Level-1","Static+Full",10,3.2880152466556,3.60717230572832,3.9024862924586
"Main Experiment","ae","Level-1","Static+Full",11,3.32101177637097,3.63637137020826,3.95275445700099
"Main Experiment","ae","Level-1","Static+Full",12,3.38345637773623,3.67545632585228,4.04269683691466
"Main Experiment","ae","Level-1","Static+Full",13,3.38339775326898,3.713541325166,4.0580845499979
"Main Experiment","ae","Level-1","Static+Full",14,3.41698893581781,3.74433310876475,4.11376092406094
"Main Experiment","ae","Level-1","Static+Full",15,3.43960032985729,3.77592179410197,4.16687931140602
"Main Experiment","ae","Level-2","NetHOPs+Bandit",1,25.8233609859078,28.1022776121273,30.692229546296
"Main Experiment","ae","Level-2","NetHOPs+Bandit",2,25.5284203000227,27.8371258983374,30.0830247104434
"Main Experiment","ae","Level-2","NetHOPs+Bandit",3,25.2411524898049,27.5645891430868,29.7353570316361
"Main Experiment","ae","Level-2","NetHOPs+Bandit",4,25.275689114084,27.2790139713273,29.6081275950757
"Main Experiment","ae","Level-2","NetHOPs+Bandit",5,25.1769827608019,26.9899624190298,29.3781966819562
"Main Experiment","ae","Level-2","NetHOPs+Bandit",6,24.99625899147,26.7210578096882,29.1785774413591
"Main Experiment","ae","Level-2","NetHOPs+Bandit",7,24.7317756597957,26.4795699318395,28.8780149981567
"Main Experiment","ae","Level-2","NetHOPs+Bandit",8,24.5945392186717,26.2486165167582,28.7958618447614
"Main Experiment","ae","Level-2","NetHOPs+Bandit",9,24.3582790124962,26.0039876713371,28.6477698683332
"Main Experiment","ae","Level-2","NetHOPs+Bandit",10,23.9049899254702,25.7568608581351,28.131309495072
"Main Experiment","ae","Level-2","NetHOPs+Bandit",11,23.64185078854,25.5376246154246,27.8975944220888
"Main Experiment","ae","Level-2","NetHOPs+Bandit",12,23.1872084520249,25.2833710478765,27.5040232825884
"Main Experiment","ae","Level-2","NetHOPs+Bandit",13,23.1957255149958,25.0378420470372,27.70163069744
"Main Experiment","ae","Level-2","NetHOPs+Bandit",14,22.7471581252017,24.7980122472936,27.4049391515981
"Main Experiment","ae","Level-2","NetHOPs+Bandit",15,22.4361006432125,24.5808359470089,27.2039176015413
"Main Experiment","ae","Level-2","NetHOPs+Full",1,17.9895290336091,19.5774609805973,21.4578669953098
"Main Experiment","ae","Level-2","NetHOPs+Full",2,17.7827008757174,19.4278676085621,21.1204201696814
"Main Experiment","ae","Level-2","NetHOPs+Full",3,17.6805043042808,19.2896165994292,20.8811219376405
"Main Experiment","ae","Level-2","NetHOPs+Full",4,17.720278526119,19.1325504038272,20.8294225995863
"Main Experiment","ae","Level-2","NetHOPs+Full",5,17.5684134856386,19.0025288582593,20.6164191243562
"Main Experiment","ae","Level-2","NetHOPs+Full",6,17.436756999341,18.8408911966327,20.4276814602705
"Main Experiment","ae","Level-2","NetHOPs+Full",7,17.2860724347564,18.7056992810382,20.2539256080676
"Main Experiment","ae","Level-2","NetHOPs+Full",8,17.2705166461655,18.5707323348153,20.2449862476499
"Main Experiment","ae","Level-2","NetHOPs+Full",9,17.0795411403724,18.4504116883324,20.068447682454
"Main Experiment","ae","Level-2","NetHOPs+Full",10,16.9143525658751,18.3207520365387,19.988868083177
"Main Experiment","ae","Level-2","NetHOPs+Full",11,16.7957130409932,18.2051016504698,19.9303503485698
"Main Experiment","ae","Level-2","NetHOPs+Full",12,16.5728720483208,18.0803757586938,19.8565620023735
"Main Experiment","ae","Level-2","NetHOPs+Full",13,16.329269043981,17.9792300736479,19.7348248126049
"Main Experiment","ae","Level-2","NetHOPs+Full",14,16.1610379833886,17.8487708148905,19.683186263071
"Main Experiment","ae","Level-2","NetHOPs+Full",15,15.9220655353502,17.7129363215536,19.6078269305329
"Main Experiment","ae","Level-2","Static+Bandit",1,29.3917837276459,31.6406507529704,34.5332532888725
"Main Experiment","ae","Level-2","Static+Bandit",2,29.0798162103298,31.2326763228995,34.0025650863688
"Main Experiment","ae","Level-2","Static+Bandit",3,28.7307164751774,30.8286783595255,33.4774423718949
"Main Experiment","ae","Level-2","Static+Bandit",4,28.2812684141762,30.4264972206161,32.8973777509778
"Main Experiment","ae","Level-2","Static+Bandit",5,28.0773690997869,30.0337034838123,32.5917521287301
"Main Experiment","ae","Level-2","Static+Bandit",6,27.6969661578393,29.6365473707829,32.03454907045
"Main Experiment","ae","Level-2","Static+Bandit",7,27.4052072293371,29.2476518313632,31.619850240818
"Main Experiment","ae","Level-2","Static+Bandit",8,27.0998637994125,28.8790607146868,31.2133343504931
"Main Experiment","ae","Level-2","Static+Bandit",9,26.7950510108682,28.5252156144484,30.8247665277189
"Main Experiment","ae","Level-2","Static+Bandit",10,26.3434710394169,28.1653833685606,30.3650027678582
"Main Experiment","ae","Level-2","Static+Bandit",11,25.9895575792463,27.783283289225,30.0248766438159
"Main Experiment","ae","Level-2","Static+Bandit",12,25.5262596679691,27.4603169094836,29.6388662937416
"Main Experiment","ae","Level-2","Static+Bandit",13,25.1635637641969,27.1205823730963,29.4301502083987
"Main Experiment","ae","Level-2","Static+Bandit",14,24.7659782638886,26.7693225298199,29.0812806621274
"Main Experiment","ae","Level-2","Static+Bandit",15,24.3348607807581,26.4441854207924,28.7610595216381
"Main Experiment","ae","Level-2","Static+Full",1,18.2696008254646,19.9249873707537,21.9219801496772
"Main Experiment","ae","Level-2","Static+Full",2,18.0395161166757,19.8509226287079,21.5381015742757
"Main Experiment","ae","Level-2","Static+Full",3,18.0619796429421,19.7738385445558,21.391065689946
"Main Experiment","ae","Level-2","Static+Full",4,18.0554813564863,19.6928289307614,21.3456937675096
"Main Experiment","ae","Level-2","Static+Full",5,18.0324550833396,19.6314421784142,21.2525791787624
"Main Experiment","ae","Level-2","Static+Full",6,18.0969436781732,19.5600458703443,21.2551080115161
"Main Experiment","ae","Level-2","Static+Full",7,17.984060643283,19.4570690183673,21.0995646150636
"Main Experiment","ae","Level-2","Static+Full",8,17.852505829358,19.3895535077875,20.9747216688306
"Main Experiment","ae","Level-2","Static+Full",9,17.8064493326778,19.3155604304088,20.9922490126958
"Main Experiment","ae","Level-2","Static+Full",10,17.6075808746922,19.2194303600604,20.816048473467
"Main Experiment","ae","Level-2","Static+Full",11,17.5976443601179,19.1343604046538,20.8812441602555
"Main Experiment","ae","Level-2","Static+Full",12,17.4645967128477,19.0623839388884,20.7903426162106
"Main Experiment","ae","Level-2","Static+Full",13,17.3909336037608,18.9679707652652,20.7943532795427
"Main Experiment","ae","Level-2","Static+Full",14,17.2452559841537,18.9062638119821,20.7044624873669
"Main Experiment","ae","Level-2","Static+Full",15,17.1550744868405,18.8177547204244,20.748808267197
"Main Experiment","ds","NA","NetHOPs+Bandit",1,7.86492731400918,12.8701017597647,23.7042136113638
"Main Experiment","ds","NA","NetHOPs+Bandit",2,7.62387320568127,11.866153427832,20.4870049322496
"Main Experiment","ds","NA","NetHOPs+Bandit",3,7.37082240636923,10.9551156636193,17.5691545951662
"Main Experiment","ds","NA","NetHOPs+Bandit",4,6.99044271678766,9.99960812948649,15.0104307994487
"Main Experiment","ds","NA","NetHOPs+Bandit",5,6.66453658661204,9.29033200187991,13.5027666269206
"Main Experiment","ds","NA","NetHOPs+Bandit",6,6.20493550128466,8.54652589697572,12.3025579994162
"Main Experiment","ds","NA","NetHOPs+Bandit",7,5.68883580680723,7.94079815465829,10.8697826273477
"Main Experiment","ds","NA","NetHOPs+Bandit",8,5.19969069291748,7.24047259493876,10.0211159527214
"Main Experiment","ds","NA","NetHOPs+Bandit",9,4.71393460721826,6.70115202137769,9.35771289600754
"Main Experiment","ds","NA","NetHOPs+Bandit",10,4.26882136466206,6.13052681622465,8.79332311630546
"Main Experiment","ds","NA","NetHOPs+Bandit",11,3.80150904923774,5.59245752992507,8.31981755443037
"Main Experiment","ds","NA","NetHOPs+Bandit",12,3.36113908996549,5.18464707496583,8.2549603692517
"Main Experiment","ds","NA","NetHOPs+Bandit",13,2.96587026379317,4.76770094666969,8.26018886395055
"Main Experiment","ds","NA","NetHOPs+Bandit",14,2.65087921574543,4.39460322918845,8.27154538073816
"Main Experiment","ds","NA","NetHOPs+Bandit",15,2.26398291196213,4.08255364606422,8.01965870520907
"Main Experiment","ds","NA","NetHOPs+Full",1,2.18282692495138,4.01089960476252,7.41073168465698
"Main Experiment","ds","NA","NetHOPs+Full",2,2.43228377555954,3.98901335399297,7.11803343160115
"Main Experiment","ds","NA","NetHOPs+Full",3,2.39007382375002,3.96270063810856,6.25067098106541
"Main Experiment","ds","NA","NetHOPs+Full",4,2.6326698826019,3.88891871340955,6.15942160766439
"Main Experiment","ds","NA","NetHOPs+Full",5,2.655960053251,3.85198721713709,5.51198389706939
"Main Experiment","ds","NA","NetHOPs+Full",6,2.79760401407316,3.81028752069583,5.31257368793983
"Main Experiment","ds","NA","NetHOPs+Full",7,2.83483012427762,3.78502897023274,5.13690254197218
"Main Experiment","ds","NA","NetHOPs+Full",8,2.85147158628643,3.7460028155575,5.22601435679601
"Main Experiment","ds","NA","NetHOPs+Full",9,2.75014960253732,3.71188317466227,5.22253425596458
"Main Experiment","ds","NA","NetHOPs+Full",10,2.68904738193805,3.67953005603823,5.34603073321252
"Main Experiment","ds","NA","NetHOPs+Full",11,2.54951446433957,3.65004912655492,5.46153170394054
"Main Experiment","ds","NA","NetHOPs+Full",12,2.35983579912096,3.63574950335791,5.62049366332935
"Main Experiment","ds","NA","NetHOPs+Full",13,2.3076818007169,3.58508029453325,6.14645677675691
"Main Experiment","ds","NA","NetHOPs+Full",14,2.169378317659,3.56529291871846,6.52191465759747
"Main Experiment","ds","NA","NetHOPs+Full",15,2.00469864257619,3.54430396078567,6.85544942348236
"Main Experiment","ds","NA","Static+Bandit",1,3.70017399838531,7.00816508339907,12.1227945469999
"Main Experiment","ds","NA","Static+Bandit",2,3.73563925552529,6.61232739974228,11.1420975861867
"Main Experiment","ds","NA","Static+Bandit",3,3.56513791476413,6.25018699971953,9.56929150059578
"Main Experiment","ds","NA","Static+Bandit",4,3.62331491342535,5.92300728270533,8.54911743928249
"Main Experiment","ds","NA","Static+Bandit",5,3.66554637160277,5.63382436942335,7.69139411382193
"Main Experiment","ds","NA","Static+Bandit",6,3.63125991923514,5.3235600804656,7.13125306146604
"Main Experiment","ds","NA","Static+Bandit",7,3.66533930222903,5.04631774950715,6.89038995441398
"Main Experiment","ds","NA","Static+Bandit",8,3.61219677243085,4.7754550035981,6.75743708569016
"Main Experiment","ds","NA","Static+Bandit",9,3.31995896900562,4.53271699873452,6.33789458536772
"Main Experiment","ds","NA","Static+Bandit",10,3.04880132769642,4.3059770573986,6.11558257316799
"Main Experiment","ds","NA","Static+Bandit",11,2.62492279460634,4.09957170180286,5.63183279156047
"Main Experiment","ds","NA","Static+Bandit",12,2.49405811943429,3.89305458043335,5.72023961217927
"Main Experiment","ds","NA","Static+Bandit",13,2.31986529812473,3.70851069765718,5.82449179852972
"Main Experiment","ds","NA","Static+Bandit",14,2.06252552960725,3.51875489590216,5.76076806709098
"Main Experiment","ds","NA","Static+Bandit",15,1.84212507663942,3.33467171183788,5.9009198855464
"Main Experiment","ds","NA","Static+Full",1,2.10113919196119,3.84729089957115,6.90976802512339
"Main Experiment","ds","NA","Static+Full",2,2.2349479486812,3.88091655798584,6.49597776507085
"Main Experiment","ds","NA","Static+Full",3,2.46136127472927,3.90591068983637,6.44501887168924
"Main Experiment","ds","NA","Static+Full",4,2.59836572181303,3.9233285962333,6.0391652884233
"Main Experiment","ds","NA","Static+Full",5,2.69144006253439,3.9723398191874,5.65693062762763
"Main Experiment","ds","NA","Static+Full",6,2.84556839792994,3.99928459084711,5.50977644449723
"Main Experiment","ds","NA","Static+Full",7,2.88150704298123,4.04881592996507,5.30913467949745
"Main Experiment","ds","NA","Static+Full",8,3.14554238368494,4.08187731479037,5.66402919432117
"Main Experiment","ds","NA","Static+Full",9,3.05477983722381,4.090121777403,5.58861591059874
"Main Experiment","ds","NA","Static+Full",10,3.03648682234377,4.14475953922102,5.74968681989587
"Main Experiment","ds","NA","Static+Full",11,2.97633519589244,4.17845665242941,6.04225178163885
"Main Experiment","ds","NA","Static+Full",12,2.88415866146461,4.21199343328248,6.47455464201485
"Main Experiment","ds","NA","Static+Full",13,2.79301340484292,4.28298461020152,6.98933907252373
"Main Experiment","ds","NA","Static+Full",14,2.71396939965043,4.35586065327703,7.73083991321007
"Main Experiment","ds","NA","Static+Full",15,2.60857654619467,4.41724650175117,8.53902968994946
"Main Experiment","ratio","NA","NetHOPs+Bandit",1,0.832763910472661,0.845144475094256,0.862795264953549
"Main Experiment","ratio","NA","NetHOPs+Bandit",2,0.835383072941625,0.846188747227293,0.860809471022824
"Main Experiment","ratio","NA","NetHOPs+Bandit",3,0.837851567454717,0.847450965136642,0.858518198452306
"Main Experiment","ratio","NA","NetHOPs+Bandit",4,0.841714662177571,0.848625109919645,0.858727972863129
"Main Experiment","ratio","NA","NetHOPs+Bandit",5,0.842439273679395,0.849735073592017,0.857580236911953
"Main Experiment","ratio","NA","NetHOPs+Bandit",6,0.844467608551922,0.850946317506164,0.859604689135567
"Main Experiment","ratio","NA","NetHOPs+Bandit",7,0.843616237190132,0.851893792553762,0.860453349719449
"Main Experiment","ratio","NA","NetHOPs+Bandit",8,0.84235720498871,0.852913627493587,0.8628041154529
"Main Experiment","ratio","NA","NetHOPs+Bandit",9,0.842338011783891,0.853940544488223,0.867472371957592
"Main Experiment","ratio","NA","NetHOPs+Bandit",10,0.840127405991587,0.854989213004122,0.869912931566542
"Main Experiment","ratio","NA","NetHOPs+Bandit",11,0.837213585222663,0.856128788041057,0.871990315412852
"Main Experiment","ratio","NA","NetHOPs+Bandit",12,0.836058618259263,0.857341374374319,0.875211854672919
"Main Experiment","ratio","NA","NetHOPs+Bandit",13,0.834284631128199,0.858403531836512,0.877931739725388
"Main Experiment","ratio","NA","NetHOPs+Bandit",14,0.833409589897932,0.859422759503506,0.882026355483278
"Main Experiment","ratio","NA","NetHOPs+Bandit",15,0.831249468827274,0.860433381115521,0.884265975450975
"Main Experiment","ratio","NA","NetHOPs+Full",1,0.868965105230413,0.883804559906874,0.896590697032364
"Main Experiment","ratio","NA","NetHOPs+Full",2,0.870163693108377,0.881721030664923,0.894199828216412
"Main Experiment","ratio","NA","NetHOPs+Full",3,0.866786353205443,0.879670615297142,0.887650596757739
"Main Experiment","ratio","NA","NetHOPs+Full",4,0.8680777661402,0.877505680760883,0.88558719993201
"Main Experiment","ratio","NA","NetHOPs+Full",5,0.867305769345636,0.875488508858172,0.882368601140613
"Main Experiment","ratio","NA","NetHOPs+Full",6,0.865433771295292,0.873248573449656,0.880011185940377
"Main Experiment","ratio","NA","NetHOPs+Full",7,0.862611135929925,0.870994625801283,0.879073717649993
"Main Experiment","ratio","NA","NetHOPs+Full",8,0.859164230405665,0.868713633347768,0.878347028173068
"Main Experiment","ratio","NA","NetHOPs+Full",9,0.855888295496576,0.866546292938674,0.878177740055246
"Main Experiment","ratio","NA","NetHOPs+Full",10,0.850165797000831,0.864384496751136,0.877001290063103
"Main Experiment","ratio","NA","NetHOPs+Full",11,0.845465076233767,0.862127321803239,0.87662610954101
"Main Experiment","ratio","NA","NetHOPs+Full",12,0.84272554644011,0.859688169968569,0.878746810054633
"Main Experiment","ratio","NA","NetHOPs+Full",13,0.837749433029817,0.857360690298117,0.878938007649012
"Main Experiment","ratio","NA","NetHOPs+Full",14,0.833729045728754,0.854664443888941,0.880294101043261
"Main Experiment","ratio","NA","NetHOPs+Full",15,0.827696330445048,0.852242114059725,0.879353184116513
"Main Experiment","ratio","NA","Static+Bandit",1,0.855547392865039,0.868774699740572,0.882718749610825
"Main Experiment","ratio","NA","Static+Bandit",2,0.857178986102527,0.869017190102768,0.880588725370208
"Main Experiment","ratio","NA","Static+Bandit",3,0.858548442436428,0.868964658963731,0.878642168496144
"Main Experiment","ratio","NA","Static+Bandit",4,0.860800196269826,0.86932780201919,0.877800277686191
"Main Experiment","ratio","NA","Static+Bandit",5,0.863090361618242,0.869548775128129,0.877830693528056
"Main Experiment","ratio","NA","Static+Bandit",6,0.863247206932091,0.869801656677852,0.876951726399013
"Main Experiment","ratio","NA","Static+Bandit",7,0.864267237871284,0.870188211994847,0.877563900546173
"Main Experiment","ratio","NA","Static+Bandit",8,0.864165973702112,0.870401941421603,0.879320246828816
"Main Experiment","ratio","NA","Static+Bandit",9,0.861338109770781,0.870572170072759,0.878727045798455
"Main Experiment","ratio","NA","Static+Bandit",10,0.861502231043102,0.870888281237843,0.881370422801586
"Main Experiment","ratio","NA","Static+Bandit",11,0.860372411805771,0.871015336301206,0.883878082220574
"Main Experiment","ratio","NA","Static+Bandit",12,0.857894499547159,0.871043951616874,0.885023209161313
"Main Experiment","ratio","NA","Static+Bandit",13,0.855741815468368,0.871268265830344,0.886896960840924
"Main Experiment","ratio","NA","Static+Bandit",14,0.854126176839378,0.871324692542237,0.88915264644387
"Main Experiment","ratio","NA","Static+Bandit",15,0.855518016295643,0.871425024509239,0.894558240682994
"Main Experiment","ratio","NA","Static+Full",1,0.869848453438659,0.885616143656358,0.89823484769171
"Main Experiment","ratio","NA","Static+Full",2,0.869016510522092,0.883109487123181,0.894447317681371
"Main Experiment","ratio","NA","Static+Full",3,0.867290477783586,0.880340575245458,0.889686996212564
"Main Experiment","ratio","NA","Static+Full",4,0.867067090037048,0.877407542167276,0.886494134831364
"Main Experiment","ratio","NA","Static+Full",5,0.865906422775148,0.874438417267965,0.882692744393277
"Main Experiment","ratio","NA","Static+Full",6,0.862283289164378,0.87124740053768,0.878807199157176
"Main Experiment","ratio","NA","Static+Full",7,0.858761927454747,0.868147795233086,0.875874635171444
"Main Experiment","ratio","NA","Static+Full",8,0.854639331605449,0.864940882930419,0.873670357977432
"Main Experiment","ratio","NA","Static+Full",9,0.850340132616651,0.861675270923986,0.87347214640852
"Main Experiment","ratio","NA","Static+Full",10,0.845936701745007,0.858399778665419,0.873746242558934
"Main Experiment","ratio","NA","Static+Full",11,0.84041870911851,0.854777859047566,0.873014944435884
"Main Experiment","ratio","NA","Static+Full",12,0.833660196954639,0.851269764913763,0.87138110253659
"Main Experiment","ratio","NA","Static+Full",13,0.827125235537499,0.847647486082124,0.870803290745359
"Main Experiment","ratio","NA","Static+Full",14,0.819696208987821,0.84405034391578,0.870223269768739
"Main Experiment","ratio","NA","Static+Full",15,0.812223389803876,0.840337559306438,0.869641034635712
"Robust Trial","br","Level-1","NetHOPs+Bandit",1,0.477640413141633,0.594362113021736,0.689584113660727
"Robust Trial","br","Level-1","NetHOPs+Bandit",2,0.510206226450007,0.625122796097541,0.708284940176558
"Robust Trial","br","Level-1","NetHOPs+Bandit",3,0.542620851457884,0.657008822249697,0.732121209040878
"Robust Trial","br","Level-1","NetHOPs+Bandit",4,0.587666514019983,0.686751011698536,0.763806828641179
"Robust Trial","br","Level-1","NetHOPs+Bandit",5,0.6245472839649,0.714080441187124,0.790972630434232
"Robust Trial","br","Level-1","NetHOPs+Bandit",6,0.652095569465879,0.739359296620216,0.80910788807214
"Robust Trial","br","Level-1","NetHOPs+Bandit",7,0.684402296065391,0.763143280410129,0.833706526762084
"Robust Trial","br","Level-1","NetHOPs+Bandit",8,0.707022884927654,0.786965147867178,0.850803086142493
"Robust Trial","br","Level-1","NetHOPs+Bandit",9,0.731846759781024,0.806909772096052,0.869886210898882
"Robust Trial","br","Level-1","NetHOPs+Bandit",10,0.748322514783041,0.825401383542508,0.883790344428943
"Robust Trial","br","Level-1","NetHOPs+Bandit",11,0.775884077390849,0.843506394218404,0.90713035487258
"Robust Trial","br","Level-1","NetHOPs+Bandit",12,0.794497659895189,0.858652046950242,0.919469782326984
"Robust Trial","br","Level-1","NetHOPs+Bandit",13,0.810853960511276,0.873441538318372,0.931409808945565
"Robust Trial","br","Level-1","NetHOPs+Bandit",14,0.824347004091805,0.886976147418844,0.942304479323664
"Robust Trial","br","Level-1","NetHOPs+Bandit",15,0.839687396838492,0.899739164895897,0.954639132612629
"Robust Trial","br","Level-1","NetHOPs+Full",1,0.53250185286501,0.622056509850627,0.711007637748626
"Robust Trial","br","Level-1","NetHOPs+Full",2,0.566493642477795,0.649397115838073,0.73204553779497
"Robust Trial","br","Level-1","NetHOPs+Full",3,0.598053737954539,0.676920749575826,0.752414802471121
"Robust Trial","br","Level-1","NetHOPs+Full",4,0.631635478922551,0.703068684620403,0.777354890261794
"Robust Trial","br","Level-1","NetHOPs+Full",5,0.661736862581249,0.729160571131632,0.80195292549068
"Robust Trial","br","Level-1","NetHOPs+Full",6,0.683171764919654,0.752661636883342,0.81951877942508
"Robust Trial","br","Level-1","NetHOPs+Full",7,0.708149144785206,0.774728127664166,0.837007449183082
"Robust Trial","br","Level-1","NetHOPs+Full",8,0.73209399134737,0.79464513983434,0.856034923949638
"Robust Trial","br","Level-1","NetHOPs+Full",9,0.751435637064269,0.813835091037453,0.871608684775578
"Robust Trial","br","Level-1","NetHOPs+Full",10,0.767225168537579,0.831980403192621,0.882666743221612
"Robust Trial","br","Level-1","NetHOPs+Full",11,0.785918036672315,0.848077880029098,0.897669832670742
"Robust Trial","br","Level-1","NetHOPs+Full",12,0.807231024298752,0.862822612750422,0.918091842613839
"Robust Trial","br","Level-1","NetHOPs+Full",13,0.821256632670354,0.876931597529407,0.927890409127505
"Robust Trial","br","Level-1","NetHOPs+Full",14,0.83493285888255,0.890140144821023,0.937760392317619
"Robust Trial","br","Level-1","NetHOPs+Full",15,0.847852236580535,0.901487992901892,0.947885992136156
"Robust Trial","br","Level-1","Static+Bandit",1,0.608877802995689,0.701790481932487,0.786962981653729
"Robust Trial","br","Level-1","Static+Bandit",2,0.662637540131277,0.732525767980081,0.816693221932313
"Robust Trial","br","Level-1","Static+Bandit",3,0.697837313531103,0.762699805577717,0.834571794880507
"Robust Trial","br","Level-1","Static+Bandit",4,0.733091371464013,0.791113867549112,0.854591329697797
"Robust Trial","br","Level-1","Static+Bandit",5,0.755893376481164,0.815491920827929,0.865181303387043
"Robust Trial","br","Level-1","Static+Bandit",6,0.78287299478323,0.837924089812645,0.884955159970758
"Robust Trial","br","Level-1","Static+Bandit",7,0.800314984408416,0.859200452493194,0.895549042985809
"Robust Trial","br","Level-1","Static+Bandit",8,0.824346804297284,0.877354294279658,0.911485117135908
"Robust Trial","br","Level-1","Static+Bandit",9,0.845946305805984,0.893463377937197,0.928672562747393
"Robust Trial","br","Level-1","Static+Bandit",10,0.865318286367779,0.907431418199061,0.94251440895322
"Robust Trial","br","Level-1","Static+Bandit",11,0.882814171998522,0.919878199467077,0.95569095297692
"Robust Trial","br","Level-1","Static+Bandit",12,0.896549498913575,0.93076826808861,0.964145245900701
"Robust Trial","br","Level-1","Static+Bandit",13,0.906315681378592,0.940194459427023,0.97034181485992
"Robust Trial","br","Level-1","Static+Bandit",14,0.915162830495524,0.948506701969096,0.974950565345667
"Robust Trial","br","Level-1","Static+Bandit",15,0.923875824404989,0.955549275818286,0.97926846313644
"Robust Trial","br","Level-1","Static+Full",1,0.594018807516449,0.686694162590565,0.777854125004847
"Robust Trial","br","Level-1","Static+Full",2,0.62476689827116,0.71143910625581,0.791103871305736
"Robust Trial","br","Level-1","Static+Full",3,0.664902893364576,0.7355499095786,0.819012678378385
"Robust Trial","br","Level-1","Static+Full",4,0.686086132231886,0.757703648840658,0.827120797920219
"Robust Trial","br","Level-1","Static+Full",5,0.705257708776281,0.779396444810869,0.839662845312201
"Robust Trial","br","Level-1","Static+Full",6,0.729089426210399,0.799015066432448,0.854955654702363
"Robust Trial","br","Level-1","Static+Full",7,0.749309864548637,0.817135652050011,0.871916881669951
"Robust Trial","br","Level-1","Static+Full",8,0.765495978418019,0.832546397513585,0.886308010798192
"Robust Trial","br","Level-1","Static+Full",9,0.788121166778265,0.847358059991108,0.905319399374107
"Robust Trial","br","Level-1","Static+Full",10,0.803793891439426,0.862205757542143,0.917938139646846
"Robust Trial","br","Level-1","Static+Full",11,0.814682111752507,0.875404128195624,0.92480681191369
"Robust Trial","br","Level-1","Static+Full",12,0.828675015002367,0.887042471740422,0.936529325348821
"Robust Trial","br","Level-1","Static+Full",13,0.844216391391315,0.897884709335409,0.95074844633433
"Robust Trial","br","Level-1","Static+Full",14,0.855097692861499,0.908198432142579,0.957575697417962
"Robust Trial","br","Level-1","Static+Full",15,0.8655929517889,0.917717426220078,0.962681036529868
"Robust Trial","br","Level-2","NetHOPs+Bandit",1,0.188963148365126,0.269858463681836,0.370633942221936
"Robust Trial","br","Level-2","NetHOPs+Bandit",2,0.177873418145894,0.263135753502721,0.360198881155338
"Robust Trial","br","Level-2","NetHOPs+Bandit",3,0.167865449148347,0.257042776021555,0.359821778001148
"Robust Trial","br","Level-2","NetHOPs+Bandit",4,0.155755408633676,0.253366657909555,0.356449992577185
"Robust Trial","br","Level-2","NetHOPs+Bandit",5,0.157281765633007,0.248589177216956,0.371848732167504
"Robust Trial","br","Level-2","NetHOPs+Bandit",6,0.139545669444437,0.245369271984881,0.372913638046487
"Robust Trial","br","Level-2","NetHOPs+Bandit",7,0.124119529142976,0.241611371963409,0.380106071698414
"Robust Trial","br","Level-2","NetHOPs+Bandit",8,0.10889945119139,0.23731698948594,0.390517050393803
"Robust Trial","br","Level-2","NetHOPs+Bandit",9,0.0934310905738583,0.230314525070851,0.400597531739886
"Robust Trial","br","Level-2","NetHOPs+Bandit",10,0.0799627337663305,0.22606153612396,0.407407582357925
"Robust Trial","br","Level-2","NetHOPs+Bandit",11,0.0682896301972539,0.22115848377101,0.414503106455012
"Robust Trial","br","Level-2","NetHOPs+Bandit",12,0.058212767624996,0.217726059964956,0.421132486613561
"Robust Trial","br","Level-2","NetHOPs+Bandit",13,0.0495437848751675,0.212598551230357,0.433249571467352
"Robust Trial","br","Level-2","NetHOPs+Bandit",14,0.0485387732420441,0.206852986988313,0.452956009028067
"Robust Trial","br","Level-2","NetHOPs+Bandit",15,0.042073336561789,0.201993264256573,0.466909469579755
"Robust Trial","br","Level-2","NetHOPs+Full",1,0.206213037233709,0.288390853765503,0.380795979953904
"Robust Trial","br","Level-2","NetHOPs+Full",2,0.224440325449256,0.307950595852584,0.402270829717586
"Robust Trial","br","Level-2","NetHOPs+Full",3,0.235810891889038,0.327356171565161,0.43570390584984
"Robust Trial","br","Level-2","NetHOPs+Full",4,0.229301529706912,0.347955606244895,0.445213173067027
"Robust Trial","br","Level-2","NetHOPs+Full",5,0.235867905527279,0.368553498443435,0.488306547110097
"Robust Trial","br","Level-2","NetHOPs+Full",6,0.251808876315227,0.392418273689855,0.537862369817222
"Robust Trial","br","Level-2","NetHOPs+Full",7,0.265584273224583,0.416049163509117,0.587182498487052
"Robust Trial","br","Level-2","NetHOPs+Full",8,0.279290906391516,0.438419841328251,0.635177974876287
"Robust Trial","br","Level-2","NetHOPs+Full",9,0.295195425045024,0.460342081353292,0.67973620402469
"Robust Trial","br","Level-2","NetHOPs+Full",10,0.299921233973974,0.47853256756999,0.713140153259211
"Robust Trial","br","Level-2","NetHOPs+Full",11,0.308478505242146,0.500244094000211,0.74987254769992
"Robust Trial","br","Level-2","NetHOPs+Full",12,0.317921664008135,0.524171097607391,0.784532010820974
"Robust Trial","br","Level-2","NetHOPs+Full",13,0.333053510653146,0.546799040543436,0.824484865208381
"Robust Trial","br","Level-2","NetHOPs+Full",14,0.340500483614741,0.568100165817641,0.851581037848124
"Robust Trial","br","Level-2","NetHOPs+Full",15,0.349840452805937,0.588988427964702,0.878124363182136
"Robust Trial","br","Level-2","Static+Bandit",1,0.217379893124027,0.311213960737806,0.430032612345104
"Robust Trial","br","Level-2","Static+Bandit",2,0.21496656000968,0.318288197976736,0.427811510350451
"Robust Trial","br","Level-2","Static+Bandit",3,0.222943176396984,0.326508820634147,0.446203627875086
"Robust Trial","br","Level-2","Static+Bandit",4,0.221661074388325,0.338409273345769,0.462818381445615
"Robust Trial","br","Level-2","Static+Bandit",5,0.217290703705899,0.346944943290975,0.485492445306909
"Robust Trial","br","Level-2","Static+Bandit",6,0.217721040368482,0.357337642748017,0.515011683846025
"Robust Trial","br","Level-2","Static+Bandit",7,0.208486487949385,0.367902320289712,0.546935254891635
"Robust Trial","br","Level-2","Static+Bandit",8,0.201120069017296,0.377147767301813,0.581114665113874
"Robust Trial","br","Level-2","Static+Bandit",9,0.201165418411704,0.385315876404097,0.622911496997636
"Robust Trial","br","Level-2","Static+Bandit",10,0.195602916517305,0.395402104739339,0.650035181202722
"Robust Trial","br","Level-2","Static+Bandit",11,0.184381492284817,0.408516973811945,0.681079021300053
"Robust Trial","br","Level-2","Static+Bandit",12,0.172572591048971,0.417452272846245,0.709879373084658
"Robust Trial","br","Level-2","Static+Bandit",13,0.140377487968986,0.4267937516281,0.717153292740365
"Robust Trial","br","Level-2","Static+Bandit",14,0.150562680110913,0.436943522110309,0.758616755294703
"Robust Trial","br","Level-2","Static+Bandit",15,0.134217620946166,0.447290531188701,0.772975365090701
"Robust Trial","br","Level-2","Static+Full",1,0.26698897908257,0.369143366806013,0.482305092306508
"Robust Trial","br","Level-2","Static+Full",2,0.290933360661108,0.404971365979858,0.515342236418921
"Robust Trial","br","Level-2","Static+Full",3,0.339692383354904,0.443538914320114,0.5817726322361
"Robust Trial","br","Level-2","Static+Full",4,0.346874482842498,0.479518081455588,0.607987913080356
"Robust Trial","br","Level-2","Static+Full",5,0.355761631440525,0.517510773048411,0.644492876260556
"Robust Trial","br","Level-2","Static+Full",6,0.389280029160896,0.55155498662536,0.707037415037138
"Robust Trial","br","Level-2","Static+Full",7,0.404111989948964,0.586648004271823,0.753445057897046
"Robust Trial","br","Level-2","Static+Full",8,0.437285367500664,0.621718794243624,0.811489199644384
"Robust Trial","br","Level-2","Static+Full",9,0.448106225186089,0.655864039666831,0.841706777418508
"Robust Trial","br","Level-2","Static+Full",10,0.46856026218195,0.68968510498851,0.877680299194847
"Robust Trial","br","Level-2","Static+Full",11,0.482759258777669,0.720550672048009,0.903220643924733
"Robust Trial","br","Level-2","Static+Full",12,0.500010004911343,0.746979777688505,0.923597108596213
"Robust Trial","br","Level-2","Static+Full",13,0.544552203154726,0.773891374856127,0.96451268782473
"Robust Trial","br","Level-2","Static+Full",14,0.564620615348459,0.798681756112583,0.973534745206723
"Robust Trial","br","Level-2","Static+Full",15,0.5832209832902,0.818984497485274,0.980803051689077
"Robust Trial","ae","Level-1","NetHOPs+Bandit",1,3.48265508702214,4.08275801710989,4.75279007358234
"Robust Trial","ae","Level-1","NetHOPs+Bandit",2,3.36742944024314,3.99474474470374,4.56507706886657
"Robust Trial","ae","Level-1","NetHOPs+Bandit",3,3.31485257042807,3.90836578051332,4.44441979583831
"Robust Trial","ae","Level-1","NetHOPs+Bandit",4,3.2485416325908,3.81128252300658,4.33714659661684
"Robust Trial","ae","Level-1","NetHOPs+Bandit",5,3.18279629911838,3.72319743133817,4.23428208122795
"Robust Trial","ae","Level-1","NetHOPs+Bandit",6,3.141875209532,3.64351080351876,4.14624752700643
"Robust Trial","ae","Level-1","NetHOPs+Bandit",7,3.05527044733159,3.5644022321056,4.02399104255831
"Robust Trial","ae","Level-1","NetHOPs+Bandit",8,2.99094837873041,3.49186963067857,3.91771137310695
"Robust Trial","ae","Level-1","NetHOPs+Bandit",9,2.91356481745121,3.40989525094179,3.81060662711604
"Robust Trial","ae","Level-1","NetHOPs+Bandit",10,2.85372686096755,3.33168573430941,3.76844400506768
"Robust Trial","ae","Level-1","NetHOPs+Bandit",11,2.7734915043134,3.2603458886786,3.69259905815336
"Robust Trial","ae","Level-1","NetHOPs+Bandit",12,2.71332584865008,3.18372549036577,3.63910888571731
"Robust Trial","ae","Level-1","NetHOPs+Bandit",13,2.6379709170787,3.10655249135391,3.57093416154286
"Robust Trial","ae","Level-1","NetHOPs+Bandit",14,2.54554813577819,3.04144805021181,3.47708158451867
"Robust Trial","ae","Level-1","NetHOPs+Bandit",15,2.492367138484,2.97511223056416,3.43317468711235
"Robust Trial","ae","Level-1","NetHOPs+Full",1,3.60677320977064,4.14706478850069,4.72722782443154
"Robust Trial","ae","Level-1","NetHOPs+Full",2,3.56779657237071,4.0363751918903,4.65091822008896
"Robust Trial","ae","Level-1","NetHOPs+Full",3,3.47021165103804,3.93444355416976,4.4909076861549
"Robust Trial","ae","Level-1","NetHOPs+Full",4,3.4021126818462,3.82893714439811,4.37977935980438
"Robust Trial","ae","Level-1","NetHOPs+Full",5,3.29114110507385,3.72661954656991,4.22794811249054
"Robust Trial","ae","Level-1","NetHOPs+Full",6,3.1265029670128,3.63131789905756,4.02733815758148
"Robust Trial","ae","Level-1","NetHOPs+Full",7,3.03654694897115,3.53192890794314,3.90845161592976
"Robust Trial","ae","Level-1","NetHOPs+Full",8,2.97518215969863,3.43645018722726,3.81795614422489
"Robust Trial","ae","Level-1","NetHOPs+Full",9,2.88528986314811,3.35261771581715,3.7128283355469
"Robust Trial","ae","Level-1","NetHOPs+Full",10,2.84725483355749,3.26427110002898,3.6605727892997
"Robust Trial","ae","Level-1","NetHOPs+Full",11,2.7662414191755,3.18016001906961,3.56111142744311
"Robust Trial","ae","Level-1","NetHOPs+Full",12,2.69574666771723,3.09395810333139,3.48662102689647
"Robust Trial","ae","Level-1","NetHOPs+Full",13,2.62069878241382,3.0137128503493,3.41441848315286
"Robust Trial","ae","Level-1","NetHOPs+Full",14,2.54063123924663,2.93510235177152,3.33611073893343
"Robust Trial","ae","Level-1","NetHOPs+Full",15,2.46738958408196,2.86044464908983,3.26566849212489
"Robust Trial","ae","Level-1","Static+Bandit",1,3.70137676622612,4.17258073975806,4.89410655530521
"Robust Trial","ae","Level-1","Static+Bandit",2,3.66584899775584,4.11589072131541,4.80860022989739
"Robust Trial","ae","Level-1","Static+Bandit",3,3.6167654469696,4.06235428832294,4.72499538876754
"Robust Trial","ae","Level-1","Static+Bandit",4,3.56564734260987,4.00764132103298,4.64204319451547
"Robust Trial","ae","Level-1","Static+Bandit",5,3.52058175918136,3.94341369075468,4.56094073966246
"Robust Trial","ae","Level-1","Static+Bandit",6,3.48943326971086,3.88780418076935,4.49448828554987
"Robust Trial","ae","Level-1","Static+Bandit",7,3.44842203709072,3.83222632809338,4.420179174568
"Robust Trial","ae","Level-1","Static+Bandit",8,3.38259744667364,3.78229705577359,4.32603656701915
"Robust Trial","ae","Level-1","Static+Bandit",9,3.29345429752773,3.72899930893412,4.19892320895772
"Robust Trial","ae","Level-1","Static+Bandit",10,3.25337780280938,3.6714551547461,4.16313521686168
"Robust Trial","ae","Level-1","Static+Bandit",11,3.18264634216302,3.61803945764137,4.0786866442889
"Robust Trial","ae","Level-1","Static+Bandit",12,3.17516372169355,3.56163956059039,4.06666109036128
"Robust Trial","ae","Level-1","Static+Bandit",13,3.11628643416824,3.51294488470107,4.01398256107257
"Robust Trial","ae","Level-1","Static+Bandit",14,3.05246366852369,3.46161989098939,3.95320357369945
"Robust Trial","ae","Level-1","Static+Bandit",15,3.00250594069824,3.41131517903373,3.92655144989345
"Robust Trial","ae","Level-1","Static+Full",1,3.46712401421228,4.02011688236737,4.5548673872288
"Robust Trial","ae","Level-1","Static+Full",2,3.42596865227305,3.94143089204416,4.45504880209771
"Robust Trial","ae","Level-1","Static+Full",3,3.3893200823116,3.86491673913329,4.37617155740433
"Robust Trial","ae","Level-1","Static+Full",4,3.34777488801104,3.79597691123177,4.28937383585427
"Robust Trial","ae","Level-1","Static+Full",5,3.28702164857402,3.71971004324674,4.21546417549495
"Robust Trial","ae","Level-1","Static+Full",6,3.25475345991755,3.64160594050561,4.17004662971118
"Robust Trial","ae","Level-1","Static+Full",7,3.16467052195682,3.57009873004355,4.05102881797683
"Robust Trial","ae","Level-1","Static+Full",8,3.12204095621576,3.51463002776346,4.00403891404801
"Robust Trial","ae","Level-1","Static+Full",9,3.06273422831735,3.45089951171958,3.93797821832181
"Robust Trial","ae","Level-1","Static+Full",10,2.99777402868305,3.38589807635676,3.86458554714682
"Robust Trial","ae","Level-1","Static+Full",11,2.94305351003684,3.33033508603449,3.81504422193996
"Robust Trial","ae","Level-1","Static+Full",12,2.91626574741394,3.26598403681023,3.80444122990041
"Robust Trial","ae","Level-1","Static+Full",13,2.8365613205893,3.20835213137729,3.70805304793221
"Robust Trial","ae","Level-1","Static+Full",14,2.75221533214084,3.15590339823711,3.61156068014995
"Robust Trial","ae","Level-1","Static+Full",15,2.68661341861402,3.10383497405665,3.55208301130615
"Robust Trial","ae","Level-2","NetHOPs+Bandit",1,16.0827844601428,17.7555813019716,19.2780623998817
"Robust Trial","ae","Level-2","NetHOPs+Bandit",2,16.6386367476279,18.1509958175239,19.6890768061645
"Robust Trial","ae","Level-2","NetHOPs+Bandit",3,17.1573310139745,18.5679719787004,20.0628098634026
"Robust Trial","ae","Level-2","NetHOPs+Bandit",4,17.6289709501367,18.9847024046523,20.3591854941849
"Robust Trial","ae","Level-2","NetHOPs+Bandit",5,18.1774293157555,19.4177098315022,20.8464785295497
"Robust Trial","ae","Level-2","NetHOPs+Bandit",6,18.6294227842751,19.8505213963597,21.2390869230411
"Robust Trial","ae","Level-2","NetHOPs+Bandit",7,18.9777950502565,20.2974006938664,21.5527172577523
"Robust Trial","ae","Level-2","NetHOPs+Bandit",8,19.5424235952024,20.7730938850667,22.2536351208164
"Robust Trial","ae","Level-2","NetHOPs+Bandit",9,19.8720818512646,21.2657702282192,22.6758164311411
"Robust Trial","ae","Level-2","NetHOPs+Bandit",10,20.2828830782924,21.7773016333643,23.2229521227352
"Robust Trial","ae","Level-2","NetHOPs+Bandit",11,20.6167648993115,22.257785115363,23.8068656842196
"Robust Trial","ae","Level-2","NetHOPs+Bandit",12,20.9796877565393,22.7408398250371,24.4595201658557
"Robust Trial","ae","Level-2","NetHOPs+Bandit",13,21.2975351498373,23.2902149017497,25.190035769702
"Robust Trial","ae","Level-2","NetHOPs+Bandit",14,21.7959875463334,23.8576466081543,26.0822911992125
"Robust Trial","ae","Level-2","NetHOPs+Bandit",15,22.0605853479903,24.4343205276336,26.8044881718084
"Robust Trial","ae","Level-2","NetHOPs+Full",1,16.6230601884963,18.208379375872,20.1558659755852
"Robust Trial","ae","Level-2","NetHOPs+Full",2,16.9308223166587,18.5026650566685,20.2240330614495
"Robust Trial","ae","Level-2","NetHOPs+Full",3,17.2681151076524,18.8338768025022,20.4407835676668
"Robust Trial","ae","Level-2","NetHOPs+Full",4,17.5533839578887,19.1631143351853,20.6621403901644
"Robust Trial","ae","Level-2","NetHOPs+Full",5,17.8532303965819,19.5073196592357,20.9316579112282
"Robust Trial","ae","Level-2","NetHOPs+Full",6,18.4051058115108,19.8578332185366,21.489499433229
"Robust Trial","ae","Level-2","NetHOPs+Full",7,18.7837939983365,20.2408990816688,21.7766418851821
"Robust Trial","ae","Level-2","NetHOPs+Full",8,19.1252522307822,20.5931097388105,22.2030387934598
"Robust Trial","ae","Level-2","NetHOPs+Full",9,19.3362809052797,20.9663302056612,22.5448482783584
"Robust Trial","ae","Level-2","NetHOPs+Full",10,19.5340009136188,21.3376551863273,22.921024412972
"Robust Trial","ae","Level-2","NetHOPs+Full",11,19.7637097286718,21.7250402921313,23.4256608094966
"Robust Trial","ae","Level-2","NetHOPs+Full",12,19.9356022120552,22.1003188050563,23.902629235478
"Robust Trial","ae","Level-2","NetHOPs+Full",13,20.2165410190205,22.4916558488892,24.5827773013861
"Robust Trial","ae","Level-2","NetHOPs+Full",14,20.347753611719,22.868710112579,25.0953511769971
"Robust Trial","ae","Level-2","NetHOPs+Full",15,20.4409211066061,23.2485434394078,25.6615470592795
"Robust Trial","ae","Level-2","Static+Bandit",1,20.6048471924887,23.1268507384387,25.5002459918142
"Robust Trial","ae","Level-2","Static+Bandit",2,21.1719540794767,23.6972565027774,25.8794934606023
"Robust Trial","ae","Level-2","Static+Bandit",3,21.9311215444437,24.2802222026768,26.4003643814311
"Robust Trial","ae","Level-2","Static+Bandit",4,22.3534228671784,24.876125055073,26.8190815726701
"Robust Trial","ae","Level-2","Static+Bandit",5,22.9005304821405,25.4902355549984,27.3995420759179
"Robust Trial","ae","Level-2","Static+Bandit",6,23.9557946160496,26.0914995565366,28.3817908564363
"Robust Trial","ae","Level-2","Static+Bandit",7,24.539693531896,26.694750653022,28.9205595549873
"Robust Trial","ae","Level-2","Static+Bandit",8,25.2530712734351,27.3169680519587,29.7453727925846
"Robust Trial","ae","Level-2","Static+Bandit",9,25.9509083462289,27.9759229715697,30.4395559152605
"Robust Trial","ae","Level-2","Static+Bandit",10,26.3271626750849,28.6607572164511,30.9225845276416
"Robust Trial","ae","Level-2","Static+Bandit",11,26.811771641736,29.3327410887544,31.6797890837756
"Robust Trial","ae","Level-2","Static+Bandit",12,27.570790757688,30.0244950902377,32.8559764680435
"Robust Trial","ae","Level-2","Static+Bandit",13,28.0793334327162,30.7337151981298,33.893874479144
"Robust Trial","ae","Level-2","Static+Bandit",14,28.4306526485106,31.4699063355435,34.8803664418535
"Robust Trial","ae","Level-2","Static+Bandit",15,29.0180462961874,32.2993140879501,36.1501555798227
"Robust Trial","ae","Level-2","Static+Full",1,14.7834950418635,16.530217008291,18.2775265975704
"Robust Trial","ae","Level-2","Static+Full",2,15.0427354960057,16.7696786347492,18.3626680667214
"Robust Trial","ae","Level-2","Static+Full",3,15.4276639649377,16.9923101702714,18.5193025069858
"Robust Trial","ae","Level-2","Static+Full",4,15.757612903535,17.206521577153,18.680678957717
"Robust Trial","ae","Level-2","Static+Full",5,16.0274326288793,17.4481915700738,18.8809029993834
"Robust Trial","ae","Level-2","Static+Full",6,16.2254652143657,17.6994115067635,19.0141070784009
"Robust Trial","ae","Level-2","Static+Full",7,16.4609076435809,17.9364198622467,19.239015393727
"Robust Trial","ae","Level-2","Static+Full",8,16.7965594946726,18.1855874155975,19.5982953549324
"Robust Trial","ae","Level-2","Static+Full",9,16.8819253673663,18.4703884612419,19.7907818267243
"Robust Trial","ae","Level-2","Static+Full",10,17.0728185231201,18.7217327220035,20.0994583840346
"Robust Trial","ae","Level-2","Static+Full",11,17.1883234226818,18.9685663330866,20.4147523252889
"Robust Trial","ae","Level-2","Static+Full",12,17.4565390628239,19.2465872548624,20.9462176621735
"Robust Trial","ae","Level-2","Static+Full",13,17.4764068756414,19.5142763862015,21.3026930350293
"Robust Trial","ae","Level-2","Static+Full",14,17.4873635763424,19.7274550473392,21.6556020826827
"Robust Trial","ae","Level-2","Static+Full",15,17.7153722564337,19.9886526703477,22.3669848652582
"Robust Trial","ds","NA","NetHOPs+Bandit",1,2.47654689247476,4.11472417851324,6.75109258875393
"Robust Trial","ds","NA","NetHOPs+Bandit",2,2.7442094835163,4.22948191002704,6.80317746152976
"Robust Trial","ds","NA","NetHOPs+Bandit",3,2.86181815106831,4.33598896031355,6.48937696496085
"Robust Trial","ds","NA","NetHOPs+Bandit",4,3.05230210990874,4.44056482981798,6.43342052515259
"Robust Trial","ds","NA","NetHOPs+Bandit",5,3.36206250331879,4.5670567589061,6.58340727863633
"Robust Trial","ds","NA","NetHOPs+Bandit",6,3.48646074842901,4.63608539007011,6.40110855144317
"Robust Trial","ds","NA","NetHOPs+Bandit",7,3.62986416031482,4.74921119599309,6.26297133897281
"Robust Trial","ds","NA","NetHOPs+Bandit",8,3.76250583849403,4.87942551507913,6.4387828776296
"Robust Trial","ds","NA","NetHOPs+Bandit",9,3.89403118920184,5.03927578951264,6.76234655260479
"Robust Trial","ds","NA","NetHOPs+Bandit",10,3.85960653353012,5.19782558416886,6.94438247639295
"Robust Trial","ds","NA","NetHOPs+Bandit",11,3.94909372118537,5.33282942525569,7.49297036527139
"Robust Trial","ds","NA","NetHOPs+Bandit",12,3.88798731848995,5.44259663926935,8.00918828744634
"Robust Trial","ds","NA","NetHOPs+Bandit",13,3.69057883880243,5.64204995955286,8.26911317155123
"Robust Trial","ds","NA","NetHOPs+Bandit",14,3.74676785355971,5.84113467709362,9.01315216448004
"Robust Trial","ds","NA","NetHOPs+Bandit",15,3.62318004331883,5.96421335059192,9.52855750168253
"Robust Trial","ds","NA","NetHOPs+Full",1,3.02458851825498,4.82403884090088,7.9161905396459
"Robust Trial","ds","NA","NetHOPs+Full",2,3.19924403517152,4.70118862178245,7.43431665318173
"Robust Trial","ds","NA","NetHOPs+Full",3,3.22758059407802,4.59286532092544,7.01924036518087
"Robust Trial","ds","NA","NetHOPs+Full",4,3.13383563449815,4.46652049190521,6.35381540931931
"Robust Trial","ds","NA","NetHOPs+Full",5,3.14466957903025,4.33197160199403,6.02042436073645
"Robust Trial","ds","NA","NetHOPs+Full",6,3.1027421963055,4.23355230557733,5.75812280462462
"Robust Trial","ds","NA","NetHOPs+Full",7,3.07590936858519,4.12910593934702,5.49629725717955
"Robust Trial","ds","NA","NetHOPs+Full",8,3.01460442715253,4.01686785857904,5.3392210305911
"Robust Trial","ds","NA","NetHOPs+Full",9,2.94040297084316,3.92661770129305,5.21347789431612
"Robust Trial","ds","NA","NetHOPs+Full",10,2.85379943789665,3.83739263694697,5.24411010916907
"Robust Trial","ds","NA","NetHOPs+Full",11,2.81151346850733,3.74336316899592,5.40467550488088
"Robust Trial","ds","NA","NetHOPs+Full",12,2.50043609520527,3.64350251526502,5.18022453425688
"Robust Trial","ds","NA","NetHOPs+Full",13,2.24925025257983,3.54814390191015,5.08820866527192
"Robust Trial","ds","NA","NetHOPs+Full",14,2.1900940593075,3.48523201558751,5.38845921132137
"Robust Trial","ds","NA","NetHOPs+Full",15,2.04477143432152,3.38966169279951,5.2942364946262
"Robust Trial","ds","NA","Static+Bandit",1,4.74511353208474,7.41306878910554,12.4501771962296
"Robust Trial","ds","NA","Static+Bandit",2,4.87334475092981,7.3765675185012,11.5730210378544
"Robust Trial","ds","NA","Static+Bandit",3,5.04254654021413,7.42501810877562,10.9053424695286
"Robust Trial","ds","NA","Static+Bandit",4,5.19733192511098,7.44118231377708,10.3864312995588
"Robust Trial","ds","NA","Static+Bandit",5,5.47131956703362,7.40484769208629,10.089200777143
"Robust Trial","ds","NA","Static+Bandit",6,5.43517760659114,7.48051326968848,9.70432857436932
"Robust Trial","ds","NA","Static+Bandit",7,5.42551940554909,7.49333761323423,9.50190219332322
"Robust Trial","ds","NA","Static+Bandit",8,5.87027144334905,7.5062020660371,10.156025991834
"Robust Trial","ds","NA","Static+Bandit",9,5.83832506414379,7.58025727304965,9.87767683273356
"Robust Trial","ds","NA","Static+Bandit",10,5.81082559050173,7.58119819529448,10.1316761639324
"Robust Trial","ds","NA","Static+Bandit",11,5.54617480929754,7.58367632928901,10.3183981988555
"Robust Trial","ds","NA","Static+Bandit",12,5.30881155418944,7.58717279463625,10.6915525117172
"Robust Trial","ds","NA","Static+Bandit",13,5.01035955582941,7.62675144490617,11.026748853505
"Robust Trial","ds","NA","Static+Bandit",14,4.74366018758632,7.6098412512298,11.6421680188261
"Robust Trial","ds","NA","Static+Bandit",15,4.65522583418417,7.59884806152461,12.5609494048819
"Robust Trial","ds","NA","Static+Full",1,1.78257002491159,2.86398851172269,4.88786433184687
"Robust Trial","ds","NA","Static+Full",2,1.78085711160748,2.9316718950469,4.44941214564037
"Robust Trial","ds","NA","Static+Full",3,1.99001971464495,3.002587898201,4.48477950071945
"Robust Trial","ds","NA","Static+Full",4,2.18626879353227,3.07203953231827,4.45570868037191
"Robust Trial","ds","NA","Static+Full",5,2.34501096776879,3.13915236622085,4.40229780828767
"Robust Trial","ds","NA","Static+Full",6,2.47888704258925,3.2344053474692,4.44079000515897
"Robust Trial","ds","NA","Static+Full",7,2.4801556547939,3.33108237046768,4.27655514367675
"Robust Trial","ds","NA","Static+Full",8,2.57533711590321,3.40517461508906,4.42082104774663
"Robust Trial","ds","NA","Static+Full",9,2.62919312401959,3.48358599485971,4.68904193478067
"Robust Trial","ds","NA","Static+Full",10,2.74813727065843,3.58376114404307,5.054368113652
"Robust Trial","ds","NA","Static+Full",11,2.59165259760722,3.68223769875898,5.0390282500814
"Robust Trial","ds","NA","Static+Full",12,2.70973401362033,3.72175855035056,5.67320244679113
"Robust Trial","ds","NA","Static+Full",13,2.6298010492222,3.80038409712236,6.00076822939903
"Robust Trial","ds","NA","Static+Full",14,2.48625597120551,3.86392226540808,6.24275626698893
"Robust Trial","ds","NA","Static+Full",15,2.42447977511829,3.96852668189838,6.62583701560348
"Robust Trial","ratio","NA","NetHOPs+Bandit",1,0.843094119120773,0.865255166525067,0.885095046051117
"Robust Trial","ratio","NA","NetHOPs+Bandit",2,0.847192222013646,0.866028203714768,0.885262187485895
"Robust Trial","ratio","NA","NetHOPs+Bandit",3,0.851455665724118,0.866731189884663,0.885768418232571
"Robust Trial","ratio","NA","NetHOPs+Bandit",4,0.852430948378321,0.867689394620112,0.882937959972788
"Robust Trial","ratio","NA","NetHOPs+Bandit",5,0.855498672788174,0.868274900688109,0.8822437257258
"Robust Trial","ratio","NA","NetHOPs+Bandit",6,0.857195073992666,0.869009552428924,0.880611167201703
"Robust Trial","ratio","NA","NetHOPs+Bandit",7,0.858874845232933,0.869735341432939,0.880355124010248
"Robust Trial","ratio","NA","NetHOPs+Bandit",8,0.8609779189876,0.870515962556005,0.880168976279145
"Robust Trial","ratio","NA","NetHOPs+Bandit",9,0.862571787705939,0.871265497938681,0.880229407490063
"Robust Trial","ratio","NA","NetHOPs+Bandit",10,0.862929230319523,0.871987902417904,0.880384002478367
"Robust Trial","ratio","NA","NetHOPs+Bandit",11,0.863564831754993,0.872590536916598,0.882386997641397
"Robust Trial","ratio","NA","NetHOPs+Bandit",12,0.862824928080895,0.8731282926863,0.882590653145726
"Robust Trial","ratio","NA","NetHOPs+Bandit",13,0.861951241712061,0.873760568110725,0.884602832784811
"Robust Trial","ratio","NA","NetHOPs+Bandit",14,0.861803158157946,0.874278830716115,0.887071211767735
"Robust Trial","ratio","NA","NetHOPs+Bandit",15,0.862023582636585,0.875033035756386,0.890110406833796
"Robust Trial","ratio","NA","NetHOPs+Full",1,0.850142516782055,0.870283796533405,0.887032066968541
"Robust Trial","ratio","NA","NetHOPs+Full",2,0.852934726777293,0.870927933135874,0.886050304059162
"Robust Trial","ratio","NA","NetHOPs+Full",3,0.855811959292835,0.871630436643431,0.885547841243204
"Robust Trial","ratio","NA","NetHOPs+Full",4,0.858776031155495,0.872501204342257,0.885718106148456
"Robust Trial","ratio","NA","NetHOPs+Full",5,0.860051913466976,0.873275924657384,0.884562545649214
"Robust Trial","ratio","NA","NetHOPs+Full",6,0.862962182883662,0.874116041611155,0.884755549116926
"Robust Trial","ratio","NA","NetHOPs+Full",7,0.864821642304649,0.875147741307172,0.884448724072684
"Robust Trial","ratio","NA","NetHOPs+Full",8,0.866988950176638,0.876167624825052,0.884941882175727
"Robust Trial","ratio","NA","NetHOPs+Full",9,0.869126768166552,0.876825730152602,0.886343745409686
"Robust Trial","ratio","NA","NetHOPs+Full",10,0.86852321989223,0.87764916029656,0.88693251710071
"Robust Trial","ratio","NA","NetHOPs+Full",11,0.868804037115155,0.87845456983933,0.887890700263441
"Robust Trial","ratio","NA","NetHOPs+Full",12,0.868806791338094,0.879293006711979,0.889327256001018
"Robust Trial","ratio","NA","NetHOPs+Full",13,0.86888248070558,0.879953712181975,0.89167265882186
"Robust Trial","ratio","NA","NetHOPs+Full",14,0.867348546243653,0.880535939701515,0.892219920634938
"Robust Trial","ratio","NA","NetHOPs+Full",15,0.866945134240412,0.881512089500963,0.894543110809583
"Robust Trial","ratio","NA","Static+Bandit",1,0.85411585161513,0.873747110387662,0.894067077033597
"Robust Trial","ratio","NA","Static+Bandit",2,0.855369616089948,0.873605140433701,0.89188571546298
"Robust Trial","ratio","NA","Static+Bandit",3,0.856725170163741,0.873143699200939,0.889580986512167
"Robust Trial","ratio","NA","Static+Bandit",4,0.85771418518126,0.87291599907615,0.887088999268688
"Robust Trial","ratio","NA","Static+Bandit",5,0.859333050906637,0.872760869288707,0.885453769004765
"Robust Trial","ratio","NA","Static+Bandit",6,0.860927655546664,0.872465051961621,0.884283995976242
"Robust Trial","ratio","NA","Static+Bandit",7,0.861882304838451,0.872248538055936,0.882795094135572
"Robust Trial","ratio","NA","Static+Bandit",8,0.862090775573062,0.871956131942409,0.881916676213872
"Robust Trial","ratio","NA","Static+Bandit",9,0.863184273361569,0.871580542821039,0.881802155842239
"Robust Trial","ratio","NA","Static+Bandit",10,0.861699085500703,0.871174182263116,0.8800334287583
"Robust Trial","ratio","NA","Static+Bandit",11,0.86171647157699,0.870703233047613,0.880583858938259
"Robust Trial","ratio","NA","Static+Bandit",12,0.860003093576986,0.870408554780844,0.87978994590893
"Robust Trial","ratio","NA","Static+Bandit",13,0.858609599914351,0.870043018000878,0.880090766641594
"Robust Trial","ratio","NA","Static+Bandit",14,0.856995209011236,0.869625773885699,0.881595761604654
"Robust Trial","ratio","NA","Static+Bandit",15,0.855342588741224,0.86920114458026,0.882653251382029
"Robust Trial","ratio","NA","Static+Full",1,0.864611885111275,0.884100904655934,0.901091958203332
"Robust Trial","ratio","NA","Static+Full",2,0.865310496184174,0.883148417745596,0.898966851071318
"Robust Trial","ratio","NA","Static+Full",3,0.865384739108722,0.882211128438679,0.896042268046407
"Robust Trial","ratio","NA","Static+Full",4,0.866244203606077,0.881560009462256,0.894064876067662
"Robust Trial","ratio","NA","Static+Full",5,0.867331770322442,0.880534707928456,0.892283619384811
"Robust Trial","ratio","NA","Static+Full",6,0.867956509278132,0.879599349213324,0.89006141074753
"Robust Trial","ratio","NA","Static+Full",7,0.868664967794452,0.878616424436692,0.888722267487193
"Robust Trial","ratio","NA","Static+Full",8,0.867339284422172,0.877817559852406,0.885365166645141
"Robust Trial","ratio","NA","Static+Full",9,0.868849831378685,0.876992229827322,0.885252624963775
"Robust Trial","ratio","NA","Static+Full",10,0.868772214114038,0.876293491009962,0.883981827670623
"Robust Trial","ratio","NA","Static+Full",11,0.868566454119479,0.875337704731949,0.883182438810129
"Robust Trial","ratio","NA","Static+Full",12,0.86734608800199,0.874567010060081,0.883010797413012
"Robust Trial","ratio","NA","Static+Full",13,0.864599179450099,0.873827039956987,0.88211407000953
"Robust Trial","ratio","NA","Static+Full",14,0.861812411034004,0.873044606224883,0.881631401191275
"Robust Trial","ratio","NA","Static+Full",15,0.858627136790072,0.872254213086199,0.881863191920424
"Robust Comp.","br","Level-2","NetHOPs+Bandit",1,0.17039535627075,0.273975827947203,0.388465442093821
"Robust Comp.","br","Level-2","NetHOPs+Bandit",2,0.199663874761593,0.312683538915726,0.433826647683765
"Robust Comp.","br","Level-2","NetHOPs+Bandit",3,0.232366551322339,0.355177751448542,0.480324337592361
"Robust Comp.","br","Level-2","NetHOPs+Bandit",4,0.266365640160408,0.396622962828848,0.53208420817244
"Robust Comp.","br","Level-2","NetHOPs+Bandit",5,0.307149077008575,0.441837305535611,0.583865991654905
"Robust Comp.","br","Level-2","NetHOPs+Bandit",6,0.345574799333647,0.489209976952579,0.636301914819158
"Robust Comp.","br","Level-2","NetHOPs+Bandit",7,0.381242909488382,0.534479180488277,0.681129114131223
"Robust Comp.","br","Level-2","NetHOPs+Bandit",8,0.422992837654349,0.579866568113491,0.72762705928563
"Robust Comp.","br","Level-2","NetHOPs+Bandit",9,0.459525178132905,0.622577081677212,0.763008443158617
"Robust Comp.","br","Level-2","NetHOPs+Bandit",10,0.501152067295472,0.66454409105952,0.800499282344216
"Robust Comp.","br","Level-2","NetHOPs+Bandit",11,0.560877528010583,0.704673248521926,0.854814133712544
"Robust Comp.","br","Level-2","NetHOPs+Bandit",12,0.596135459078026,0.742624575420269,0.877530502265174
"Robust Comp.","br","Level-2","NetHOPs+Bandit",13,0.634164198035869,0.776884977986523,0.899855239660042
"Robust Comp.","br","Level-2","NetHOPs+Bandit",14,0.668535802424361,0.807563803120911,0.920302202526806
"Robust Comp.","br","Level-2","NetHOPs+Bandit",15,0.718063640054374,0.833255624363181,0.950952852116047
"Robust Comp.","br","Level-2","NetHOPs+Full",1,0.275111109504597,0.408485612583999,0.543559205325863
"Robust Comp.","br","Level-2","NetHOPs+Full",2,0.347627634644224,0.484589799368789,0.62216464118296
"Robust Comp.","br","Level-2","NetHOPs+Full",3,0.421069004336267,0.560417929956394,0.68817263366026
"Robust Comp.","br","Level-2","NetHOPs+Full",4,0.493531825543916,0.633064038331887,0.749824594461596
"Robust Comp.","br","Level-2","NetHOPs+Full",5,0.567906106411739,0.699556743493109,0.810466695351076
"Robust Comp.","br","Level-2","NetHOPs+Full",6,0.640206445729014,0.761070230666587,0.861053676817193
"Robust Comp.","br","Level-2","NetHOPs+Full",7,0.694781742283976,0.810443034619982,0.890588037078759
"Robust Comp.","br","Level-2","NetHOPs+Full",8,0.762996229159658,0.851888367936409,0.930900567050393
"Robust Comp.","br","Level-2","NetHOPs+Full",9,0.810812841712132,0.885232824516851,0.950341314246743
"Robust Comp.","br","Level-2","NetHOPs+Full",10,0.84874473395041,0.913460756276871,0.964973565832893
"Robust Comp.","br","Level-2","NetHOPs+Full",11,0.882153926406254,0.935030026177224,0.978050394004747
"Robust Comp.","br","Level-2","NetHOPs+Full",12,0.904900725834219,0.95078459838534,0.98466973495378
"Robust Comp.","br","Level-2","NetHOPs+Full",13,0.924339885953894,0.963098463178094,0.989389390862675
"Robust Comp.","br","Level-2","NetHOPs+Full",14,0.940848378117575,0.972580596772156,0.992907823754865
"Robust Comp.","br","Level-2","NetHOPs+Full",15,0.953551901190363,0.979696464664782,0.99504123344456
"Robust Comp.","br","Level-2","Static+Bandit",1,0.586892950705554,0.723245114217542,0.834081757228463
"Robust Comp.","br","Level-2","Static+Bandit",2,0.601527125440482,0.743480045073172,0.834489222923909
"Robust Comp.","br","Level-2","Static+Bandit",3,0.634443020828635,0.763377771186046,0.860173093647268
"Robust Comp.","br","Level-2","Static+Bandit",4,0.677596271574946,0.781109571417554,0.891555171466221
"Robust Comp.","br","Level-2","Static+Bandit",5,0.698109088052091,0.800862238170138,0.903593731801158
"Robust Comp.","br","Level-2","Static+Bandit",6,0.723996485762859,0.816867667714573,0.915583504565699
"Robust Comp.","br","Level-2","Static+Bandit",7,0.737006697994663,0.833231311972165,0.920261096507654
"Robust Comp.","br","Level-2","Static+Bandit",8,0.75023749584057,0.847319911020519,0.925874636667784
"Robust Comp.","br","Level-2","Static+Bandit",9,0.760286003792736,0.860858626436392,0.934108681962016
"Robust Comp.","br","Level-2","Static+Bandit",10,0.77239203116921,0.873192255004201,0.940566618635245
"Robust Comp.","br","Level-2","Static+Bandit",11,0.785021114893808,0.885857544365356,0.947543932470767
"Robust Comp.","br","Level-2","Static+Bandit",12,0.804518486769435,0.895996524592421,0.959120523704346
"Robust Comp.","br","Level-2","Static+Bandit",13,0.817593534343872,0.904871210726388,0.9639617750856
"Robust Comp.","br","Level-2","Static+Bandit",14,0.827999307693127,0.913741099972441,0.968556092307034
"Robust Comp.","br","Level-2","Static+Bandit",15,0.839117600103454,0.922387081555857,0.97569146167813
"Robust Comp.","br","Level-2","Static+Full",1,0.430772711496595,0.568517644675219,0.731519235193166
"Robust Comp.","br","Level-2","Static+Full",2,0.479695913287625,0.631507863470404,0.761580094976653
"Robust Comp.","br","Level-2","Static+Full",3,0.556757662784312,0.689886066269443,0.813398963781357
"Robust Comp.","br","Level-2","Static+Full",4,0.632469721833099,0.742050900591323,0.857907272997385
"Robust Comp.","br","Level-2","Static+Full",5,0.682522956709981,0.789581959183317,0.88318149456129
"Robust Comp.","br","Level-2","Static+Full",6,0.731804652113231,0.829742499127325,0.911495780693315
"Robust Comp.","br","Level-2","Static+Full",7,0.77432122745619,0.862710959567393,0.932788906924088
"Robust Comp.","br","Level-2","Static+Full",8,0.80765159899809,0.889886840189919,0.946142794835554
"Robust Comp.","br","Level-2","Static+Full",9,0.844434769096425,0.912799393514347,0.963729434662869
"Robust Comp.","br","Level-2","Static+Full",10,0.871993610934298,0.931309702343205,0.972717585751791
"Robust Comp.","br","Level-2","Static+Full",11,0.892398846634942,0.945746843079331,0.980748646062678
"Robust Comp.","br","Level-2","Static+Full",12,0.913175677733024,0.957490431985058,0.988213694974933
"Robust Comp.","br","Level-2","Static+Full",13,0.927841392179247,0.966873948339533,0.99173822236
"Robust Comp.","br","Level-2","Static+Full",14,0.940415721727044,0.974397887411279,0.994236610068377
"Robust Comp.","br","Level-2","Static+Full",15,0.948838332362984,0.98002381106004,0.994574880223433
"Robust Comp.","ae","Level-2","NetHOPs+Bandit",1,46.4378452808487,50.2187229280491,55.3313691525626
"Robust Comp.","ae","Level-2","NetHOPs+Bandit",2,45.8515443148692,49.50344572671,54.4578992584761
"Robust Comp.","ae","Level-2","NetHOPs+Bandit",3,44.8381083596038,48.7993951051309,53.023680277845
"Robust Comp.","ae","Level-2","NetHOPs+Bandit",4,44.4679775461803,48.082051282114,52.4513696184793
"Robust Comp.","ae","Level-2","NetHOPs+Bandit",5,43.7639592951525,47.3846118295382,51.4491272429028
"Robust Comp.","ae","Level-2","NetHOPs+Bandit",6,43.2311119554512,46.7046071377565,50.6900811617951
"Robust Comp.","ae","Level-2","NetHOPs+Bandit",7,42.8153860667454,46.0435612339705,50.0971846243295
"Robust Comp.","ae","Level-2","NetHOPs+Bandit",8,42.1685764960493,45.3782687876788,49.3361757210882
"Robust Comp.","ae","Level-2","NetHOPs+Bandit",9,41.3247122886208,44.7015912047722,48.4389030969085
"Robust Comp.","ae","Level-2","NetHOPs+Bandit",10,40.8259108659234,44.037694977418,47.969144360865
"Robust Comp.","ae","Level-2","NetHOPs+Bandit",11,40.1071315867177,43.4011223361079,47.2281206751029
"Robust Comp.","ae","Level-2","NetHOPs+Bandit",12,39.4710887639013,42.7804136456629,46.6559062988674
"Robust Comp.","ae","Level-2","NetHOPs+Bandit",13,38.8155621961941,42.1755320654967,46.2080910932526
"Robust Comp.","ae","Level-2","NetHOPs+Bandit",14,38.0524299910111,41.5848135984879,45.5875361723369
"Robust Comp.","ae","Level-2","NetHOPs+Bandit",15,37.4593056652342,40.9532782304267,45.1827111205347
"Robust Comp.","ae","Level-2","NetHOPs+Full",1,36.4105768842041,40.2794153967918,44.3598396970376
"Robust Comp.","ae","Level-2","NetHOPs+Full",2,35.7406509244358,39.4611575387953,43.2615534872887
"Robust Comp.","ae","Level-2","NetHOPs+Full",3,35.016943358434,38.6810546941621,42.0698991572812
"Robust Comp.","ae","Level-2","NetHOPs+Full",4,34.4995443094863,37.910133722848,41.2531655723239
"Robust Comp.","ae","Level-2","NetHOPs+Full",5,33.7879321638926,37.1484674741902,40.2025586509402
"Robust Comp.","ae","Level-2","NetHOPs+Full",6,33.3097514045268,36.3974359711583,39.5291460107351
"Robust Comp.","ae","Level-2","NetHOPs+Full",7,32.7718522552884,35.623565227089,38.9125878092128
"Robust Comp.","ae","Level-2","NetHOPs+Full",8,32.1304803510674,34.9521988528634,38.2017293231523
"Robust Comp.","ae","Level-2","NetHOPs+Full",9,31.3996642101264,34.2377345423185,37.4658400888794
"Robust Comp.","ae","Level-2","NetHOPs+Full",10,30.272816874768,33.5650373076555,36.2751749647064
"Robust Comp.","ae","Level-2","NetHOPs+Full",11,30.0541910132617,32.911080529973,36.2171440219808
"Robust Comp.","ae","Level-2","NetHOPs+Full",12,29.4367526918369,32.2657252463065,35.6215402443419
"Robust Comp.","ae","Level-2","NetHOPs+Full",13,28.7093088367811,31.6265961179702,35.0467048658786
"Robust Comp.","ae","Level-2","NetHOPs+Full",14,27.9657491710434,31.0128550316218,34.4316961295278
"Robust Comp.","ae","Level-2","NetHOPs+Full",15,27.2201998140764,30.4187043450359,33.8180757681785
"Robust Comp.","ae","Level-2","Static+Bandit",1,53.0640991918442,58.6221408963305,63.3399689961592
"Robust Comp.","ae","Level-2","Static+Bandit",2,52.3871919959666,57.6247275285272,62.1117261834951
"Robust Comp.","ae","Level-2","Static+Bandit",3,51.4666091995233,56.5254275093179,60.660148118851
"Robust Comp.","ae","Level-2","Static+Bandit",4,51.060796830005,55.5684406055654,59.8832609976624
"Robust Comp.","ae","Level-2","Static+Bandit",5,50.4473909469007,54.6444448121443,59.0948784545947
"Robust Comp.","ae","Level-2","Static+Bandit",6,49.0944644285963,53.6560418827674,57.4390211198896
"Robust Comp.","ae","Level-2","Static+Bandit",7,48.370308980181,52.7907073012567,56.5528229050929
"Robust Comp.","ae","Level-2","Static+Bandit",8,48.1957413880618,51.9121891253622,56.4074548749943
"Robust Comp.","ae","Level-2","Static+Bandit",9,47.2294293163296,50.9968179884991,55.3714097494625
"Robust Comp.","ae","Level-2","Static+Bandit",10,46.1938572326605,50.1680858836246,54.2952130362681
"Robust Comp.","ae","Level-2","Static+Bandit",11,44.9910651679844,49.3190727917536,53.3128469833413
"Robust Comp.","ae","Level-2","Static+Bandit",12,44.3597194406766,48.4831161149962,52.9542266028738
"Robust Comp.","ae","Level-2","Static+Bandit",13,43.4706676060035,47.666306618434,52.1017982144003
"Robust Comp.","ae","Level-2","Static+Bandit",14,42.369047326156,46.8457203349932,51.2809372587358
"Robust Comp.","ae","Level-2","Static+Bandit",15,41.4812183094116,46.0769581306199,50.8379668448421
"Robust Comp.","ae","Level-2","Static+Full",1,30.6374900620976,33.9687810556932,37.6312968440508
"Robust Comp.","ae","Level-2","Static+Full",2,30.4765477124555,33.6145121217388,37.0688129145996
"Robust Comp.","ae","Level-2","Static+Full",3,30.2479193747,33.2597161640045,36.4276337323024
"Robust Comp.","ae","Level-2","Static+Full",4,29.964542363294,32.8947063278003,35.8451557889585
"Robust Comp.","ae","Level-2","Static+Full",5,30.1478155937134,32.5347094756024,35.7784750502926
"Robust Comp.","ae","Level-2","Static+Full",6,29.8391081316788,32.1703394549068,35.356491619908
"Robust Comp.","ae","Level-2","Static+Full",7,29.3076846494113,31.8116772030433,34.5633161665663
"Robust Comp.","ae","Level-2","Static+Full",8,29.008270843903,31.4500675180286,34.2125687420103
"Robust Comp.","ae","Level-2","Static+Full",9,28.5657411442475,31.1421098483395,33.7892686483085
"Robust Comp.","ae","Level-2","Static+Full",10,28.1454820155408,30.7962304070936,33.5902029117514
"Robust Comp.","ae","Level-2","Static+Full",11,27.6625190646867,30.5277492819364,33.2804384809437
"Robust Comp.","ae","Level-2","Static+Full",12,27.1834885948285,30.195954903838,33.0053143154787
"Robust Comp.","ae","Level-2","Static+Full",13,26.8416825536568,29.8802043456754,32.8958720967704
"Robust Comp.","ae","Level-2","Static+Full",14,26.4412327938444,29.5946440132849,32.7577400711843
"Robust Comp.","ae","Level-2","Static+Full",15,26.0315454404053,29.2960185270171,32.6921023270171
"Robust Comp.","ds","NA","NetHOPs+Bandit",1,2.06322473933197,3.86417421298046,6.6576976615965
"Robust Comp.","ds","NA","NetHOPs+Bandit",2,2.21496099615434,4.01955983699266,6.41276122617249
"Robust Comp.","ds","NA","NetHOPs+Bandit",3,2.51290887470332,4.21901345780547,6.44564329970261
"Robust Comp.","ds","NA","NetHOPs+Bandit",4,2.87580136420384,4.36819378161854,6.56257474064341
"Robust Comp.","ds","NA","NetHOPs+Bandit",5,3.19634786304021,4.54684765144181,6.69444561021689
"Robust Comp.","ds","NA","NetHOPs+Bandit",6,3.40687857378241,4.73910592684346,6.68066121474896
"Robust Comp.","ds","NA","NetHOPs+Bandit",7,3.62121787597572,4.93573965875265,6.75307793956498
"Robust Comp.","ds","NA","NetHOPs+Bandit",8,3.86757699839071,5.16958411164717,7.10352745443342
"Robust Comp.","ds","NA","NetHOPs+Bandit",9,4.02387486958349,5.39589235476422,7.58023789884495
"Robust Comp.","ds","NA","NetHOPs+Bandit",10,4.00683413358088,5.62820604042555,7.86905551609877
"Robust Comp.","ds","NA","NetHOPs+Bandit",11,3.94426116083003,5.86209607819103,8.19620257659552
"Robust Comp.","ds","NA","NetHOPs+Bandit",12,4.07654393027966,6.10049419883992,9.04623308740495
"Robust Comp.","ds","NA","NetHOPs+Bandit",13,4.02570094522138,6.34952767763931,9.88745908889126
"Robust Comp.","ds","NA","NetHOPs+Bandit",14,3.59750035440732,6.71835428183795,10.3620153759722
"Robust Comp.","ds","NA","NetHOPs+Bandit",15,3.65550780796026,7.01700834314065,11.7971360010179
"Robust Comp.","ds","NA","NetHOPs+Full",1,1.75804702013271,3.24402827195205,6.36438093884841
"Robust Comp.","ds","NA","NetHOPs+Full",2,1.99377939399514,3.41572290127668,6.39167897841512
"Robust Comp.","ds","NA","NetHOPs+Full",3,2.27278365243071,3.55495463215925,6.43644143655932
"Robust Comp.","ds","NA","NetHOPs+Full",4,2.48370343767602,3.74876414349783,6.40099325720328
"Robust Comp.","ds","NA","NetHOPs+Full",5,2.60449858215981,3.94523939092984,6.12370341021379
"Robust Comp.","ds","NA","NetHOPs+Full",6,2.80180722974309,4.13639827134513,5.96208348265807
"Robust Comp.","ds","NA","NetHOPs+Full",7,3.03900828191989,4.33539639628234,6.03111907789199
"Robust Comp.","ds","NA","NetHOPs+Full",8,3.33074838971007,4.54320095622424,6.46568849033709
"Robust Comp.","ds","NA","NetHOPs+Full",9,3.39918225653122,4.85136845638415,6.58607195168189
"Robust Comp.","ds","NA","NetHOPs+Full",10,3.42857054593692,5.10773825402901,6.92913602881288
"Robust Comp.","ds","NA","NetHOPs+Full",11,3.52129798561847,5.3878054626552,7.68148374637625
"Robust Comp.","ds","NA","NetHOPs+Full",12,3.64095066792792,5.68715969101232,8.53268781845731
"Robust Comp.","ds","NA","NetHOPs+Full",13,3.61527909963336,5.99251968055281,9.26378821582215
"Robust Comp.","ds","NA","NetHOPs+Full",14,3.54621414610692,6.28273641922073,10.149209638228
"Robust Comp.","ds","NA","NetHOPs+Full",15,3.45886582967046,6.57997992905151,11.1980383969587
"Robust Comp.","ds","NA","Static+Bandit",1,1.9380238802078,3.67451804642653,6.73401418029801
"Robust Comp.","ds","NA","Static+Bandit",2,2.18928621621905,3.80824452302789,6.67128838506718
"Robust Comp.","ds","NA","Static+Bandit",3,2.36773811926787,3.97455116417087,6.42512489913843
"Robust Comp.","ds","NA","Static+Bandit",4,2.69435347418417,4.14457438770287,6.4897947734602
"Robust Comp.","ds","NA","Static+Bandit",5,2.94939968700721,4.30259006281486,6.57795977268156
"Robust Comp.","ds","NA","Static+Bandit",6,3.10232205146573,4.47324606197458,6.395725888521
"Robust Comp.","ds","NA","Static+Bandit",7,3.34578076629523,4.64487354652391,6.39915334809833
"Robust Comp.","ds","NA","Static+Bandit",8,3.58090801211645,4.80977395690073,6.69260856529919
"Robust Comp.","ds","NA","Static+Bandit",9,3.74026364339229,5.02915220464526,7.10600857150054
"Robust Comp.","ds","NA","Static+Bandit",10,3.65020308578899,5.24331518129058,7.19095202808305
"Robust Comp.","ds","NA","Static+Bandit",11,3.71247926456049,5.45552491319298,7.92219328504707
"Robust Comp.","ds","NA","Static+Bandit",12,3.53891655987127,5.69861029150189,8.44393895999135
"Robust Comp.","ds","NA","Static+Bandit",13,3.45097223902105,5.90662202962504,9.35899402854482
"Robust Comp.","ds","NA","Static+Bandit",14,3.43187717121227,6.11080702012824,10.5254853649338
"Robust Comp.","ds","NA","Static+Bandit",15,3.30667318500968,6.34486758641985,11.5353143278326
"Robust Comp.","ds","NA","Static+Full",1,2.41067650675145,4.4394324545493,7.90262878715119
"Robust Comp.","ds","NA","Static+Full",2,2.55601342744101,4.34708062637831,7.40990277908958
"Robust Comp.","ds","NA","Static+Full",3,2.61620013766442,4.29480002977864,6.69109292779214
"Robust Comp.","ds","NA","Static+Full",4,2.82549943971633,4.21491649943113,6.57895297974506
"Robust Comp.","ds","NA","Static+Full",5,2.83018180328711,4.11928992099782,6.07795637596601
"Robust Comp.","ds","NA","Static+Full",6,2.66653444404201,4.03658304051933,5.33927996353747
"Robust Comp.","ds","NA","Static+Full",7,2.9559952785016,3.95045651626692,5.54738330940096
"Robust Comp.","ds","NA","Static+Full",8,2.96264680232155,3.89378552536183,5.39349631314254
"Robust Comp.","ds","NA","Static+Full",9,2.9512581369855,3.81979771421639,5.29788540663693
"Robust Comp.","ds","NA","Static+Full",10,2.75443022099747,3.77717701577296,5.18257978353072
"Robust Comp.","ds","NA","Static+Full",11,2.57872919469195,3.7094152338938,5.22160113301823
"Robust Comp.","ds","NA","Static+Full",12,2.44863154274223,3.64361190950953,5.49130000261497
"Robust Comp.","ds","NA","Static+Full",13,2.35532215751317,3.59621494532706,5.8211601714821
"Robust Comp.","ds","NA","Static+Full",14,2.06659119072438,3.57284168807444,5.75800419055534
"Robust Comp.","ds","NA","Static+Full",15,1.92509431708257,3.51691648677501,5.94229356631527
"Robust Comp.","ratio","NA","NetHOPs+Bandit",1,0.828366323848587,0.864944215822644,0.903509472668745
"Robust Comp.","ratio","NA","NetHOPs+Bandit",2,0.835642152739999,0.871540894379587,0.900094241381227
"Robust Comp.","ratio","NA","NetHOPs+Bandit",3,0.847524697017017,0.877531952813861,0.902450425018011
"Robust Comp.","ratio","NA","NetHOPs+Bandit",4,0.859067691456418,0.882805673531976,0.904751901900598
"Robust Comp.","ratio","NA","NetHOPs+Bandit",5,0.866756882189,0.887889311968053,0.91000882674952
"Robust Comp.","ratio","NA","NetHOPs+Bandit",6,0.873618123801746,0.893036616812308,0.913315616346878
"Robust Comp.","ratio","NA","NetHOPs+Bandit",7,0.879460347549151,0.898164360596299,0.919529721266764
"Robust Comp.","ratio","NA","NetHOPs+Bandit",8,0.879736495605342,0.902880439683517,0.922419502924805
"Robust Comp.","ratio","NA","NetHOPs+Bandit",9,0.883978107913329,0.908136331433422,0.929769148267045
"Robust Comp.","ratio","NA","NetHOPs+Bandit",10,0.887534451609117,0.912405024870562,0.937909563663201
"Robust Comp.","ratio","NA","NetHOPs+Bandit",11,0.889282624747436,0.916948301211886,0.942878699421169
"Robust Comp.","ratio","NA","NetHOPs+Bandit",12,0.889647643815722,0.920613286752225,0.947206082312548
"Robust Comp.","ratio","NA","NetHOPs+Bandit",13,0.894555333140733,0.924509704454871,0.9561465414168
"Robust Comp.","ratio","NA","NetHOPs+Bandit",14,0.894254115961445,0.92809247760226,0.959073438309583
"Robust Comp.","ratio","NA","NetHOPs+Bandit",15,0.894916258071294,0.931658324022354,0.96329361320052
"Robust Comp.","ratio","NA","NetHOPs+Full",1,0.835085547583291,0.866471247865338,0.892664017397377
"Robust Comp.","ratio","NA","NetHOPs+Full",2,0.844255529619718,0.868945420884307,0.893313010324432
"Robust Comp.","ratio","NA","NetHOPs+Full",3,0.849298699037061,0.871010060373272,0.892419430473447
"Robust Comp.","ratio","NA","NetHOPs+Full",4,0.854853554335661,0.872969069094788,0.89320066176318
"Robust Comp.","ratio","NA","NetHOPs+Full",5,0.857450818702965,0.874904640474744,0.892172896519662
"Robust Comp.","ratio","NA","NetHOPs+Full",6,0.860996310393504,0.876922634314744,0.894560431263217
"Robust Comp.","ratio","NA","NetHOPs+Full",7,0.862604069472193,0.878841145518286,0.898387779973621
"Robust Comp.","ratio","NA","NetHOPs+Full",8,0.860838250877719,0.880676092747821,0.899831622796036
"Robust Comp.","ratio","NA","NetHOPs+Full",9,0.861028697133434,0.882823169774194,0.902443861743641
"Robust Comp.","ratio","NA","NetHOPs+Full",10,0.862332336016156,0.884815796506354,0.907054037102765
"Robust Comp.","ratio","NA","NetHOPs+Full",11,0.861703589606543,0.886687338646815,0.912816295489992
"Robust Comp.","ratio","NA","NetHOPs+Full",12,0.858976825390951,0.88860810424086,0.916826042367886
"Robust Comp.","ratio","NA","NetHOPs+Full",13,0.857484405836898,0.89001669924383,0.922491353927865
"Robust Comp.","ratio","NA","NetHOPs+Full",14,0.853252432114751,0.891231757574072,0.923711811213419
"Robust Comp.","ratio","NA","NetHOPs+Full",15,0.851213390785531,0.893011230705663,0.92752599097375
"Robust Comp.","ratio","NA","Static+Bandit",1,0.840673137028333,0.87567438078441,0.914119837673351
"Robust Comp.","ratio","NA","Static+Bandit",2,0.84732070065473,0.879344862979056,0.909697574775732
"Robust Comp.","ratio","NA","Static+Bandit",3,0.859231311861736,0.882342098859206,0.911234401386436
"Robust Comp.","ratio","NA","Static+Bandit",4,0.861173538317512,0.885423348529811,0.905498377583715
"Robust Comp.","ratio","NA","Static+Bandit",5,0.8688936072065,0.888747220814667,0.907797253563498
"Robust Comp.","ratio","NA","Static+Bandit",6,0.873745987874202,0.891795331818309,0.910417089154555
"Robust Comp.","ratio","NA","Static+Bandit",7,0.874661931015853,0.89427845548666,0.912582268768391
"Robust Comp.","ratio","NA","Static+Bandit",8,0.878288794795319,0.896574391944532,0.919303194672295
"Robust Comp.","ratio","NA","Static+Bandit",9,0.879572285794024,0.898488665271682,0.924935525517457
"Robust Comp.","ratio","NA","Static+Bandit",10,0.877295834067161,0.90122008078382,0.929716405775702
"Robust Comp.","ratio","NA","Static+Bandit",11,0.876933232623252,0.903439738841626,0.934444388016456
"Robust Comp.","ratio","NA","Static+Bandit",12,0.879220689050723,0.906333732271613,0.942345676049231
"Robust Comp.","ratio","NA","Static+Bandit",13,0.878070562767436,0.909069257425624,0.945617006877646
"Robust Comp.","ratio","NA","Static+Bandit",14,0.876476519658095,0.911518865173112,0.949987258928201
"Robust Comp.","ratio","NA","Static+Bandit",15,0.875845983070772,0.913829276176427,0.955883968318409
"Robust Comp.","ratio","NA","Static+Full",1,0.834543008965893,0.871777495325788,0.904144094874046
"Robust Comp.","ratio","NA","Static+Full",2,0.839175477640518,0.869451542733024,0.897380890311837
"Robust Comp.","ratio","NA","Static+Full",3,0.842519648783542,0.867640488823113,0.892686484681407
"Robust Comp.","ratio","NA","Static+Full",4,0.841931530193905,0.865177670501422,0.886925512395794
"Robust Comp.","ratio","NA","Static+Full",5,0.840602750884068,0.863039980329791,0.883008475688917
"Robust Comp.","ratio","NA","Static+Full",6,0.840523089910229,0.860852468476331,0.87959872705684
"Robust Comp.","ratio","NA","Static+Full",7,0.839088167843335,0.857855162085226,0.881118895382481
"Robust Comp.","ratio","NA","Static+Full",8,0.835112860473174,0.855475818853628,0.883048594446758
"Robust Comp.","ratio","NA","Static+Full",9,0.824069012060165,0.852582591027677,0.879747677649077
"Robust Comp.","ratio","NA","Static+Full",10,0.811842665210404,0.850755443905838,0.878125250750809
"Robust Comp.","ratio","NA","Static+Full",11,0.803825140778352,0.848226981412822,0.880187898738519
"Robust Comp.","ratio","NA","Static+Full",12,0.797220068617056,0.845289996220103,0.88450215473345
"Robust Comp.","ratio","NA","Static+Full",13,0.787022440613766,0.842443643541304,0.887556900598257
"Robust Comp.","ratio","NA","Static+Full",14,0.780760748390039,0.839979329826282,0.893557026465229
"Robust Comp.","ratio","NA","Static+Full",15,0.768229561169804,0.837329572009588,0.893815564912716
